SEQ,BRCODE,BRACRO,REGION,BRNAME,NEWBRSTN,OLDBRSTN,AREA,OLDNAME,ORDERING
1609,0000,,,,,,,,0
1647,0588,HGS,CASH CENTER,GENERAL SANTOS CASH CENTER,00008-058-8,00008-058-8,CASH CENTER,GENERAL SANTOS CASH CENTER,52
1686,1062,WES,NMM-2,Q.C.-WEST TRIANGLE,01008-138-1,01008-138-1,NMMR,Q.C.-WEST TRIANGLE,3
1728,1226,ESW,NMM-3,QC-EASTWOOD to 1252,01008-014-6,01008-014-6,NMMR,QC-EASTWOOD to 1252,4
1768,1289,MLI,NMM-7,MARIKINA-LILAC,01008-283-0,01008-283-0,NMMR,MARIKINA-LILAC,8
1832,1461,NLP,SMM-8,LAS PIÑAS-NAGA ROAD,01008-266-5,01008-266-5,SMMR,LAS PIÑAS-NAGA ROAD,22
1908,1676,RMT,SMM-3,MANILA-ERMITA-ROXAS BLVD.,01008-007-8,01008-007-8,SMMR,MANILA-ERMITA-ROXAS BLVD.,17
1910,1678,ITM,CMM-5,MANILA-INTRAMUROS FORT SANTIAGO to 1679,01008-059-9,01008-059-9,CMMR,MANILA-INTRAMUROS FORT SANTIAGO to 1679,13
1911,1679,INT,SMM-1,MANILA-INTRAMUROS-CATHEDRAL,01008-202-1,01008-202-1,SMMR,MANILA-INTRAMUROS-CATHEDRAL,15
1912,1680,LNT,CMM-5,MANILA-LUNETA-T.M. KALAW,01008-090-0,01008-090-0,CMMR,MANILA-LUNETA-T.M. KALAW,13
1916,1684,PRT,CMM-5,MANILA-PORT AREA,01008-050-2,01008-050-2,CMMR,MANILA-PORT AREA,13
1917,1685,UNA,SMM-3,MANILA-U.N. AVE.,01008-025-6,01008-025-6,SMMR,MANILA-U.N. AVE.,17
1918,1701,ADR,SMM-3,MANILA-MALATE-ADRIATICO,01008-177-6,01008-177-6,SMMR,MANILA-MALATE-ADRIATICO,17
1919,1702,CPS,SMM-3,MANILA-CENTURY PARK HOTEL,01008-147-5,01008-147-5,SMMR,MANILA-CENTURY PARK HOTEL,17
1920,1703,PLZ,SMM-3,MANILA-ADRIATICO-HARRISON PLAZA,01008-011-7,01008-011-7,SMMR,MANILA-ADRIATICO-HARRISON PLAZA,17
1923,1706,PAC,SMM-3,MANILA-PACO-PEDRO GIL,01008-130-7,01008-130-7,SMMR,MANILA-PACO-PEDRO GIL,17
1924,1707,RMS,SMM-3,MANILA-REMEDIOS,01008-239-3,01008-239-3,SMMR,MANILA-REMEDIOS,17
1928,1711,MSA,CMM-6,MANILA-STA. ANA,01008-277-5,01008-277-5,CMMR,MANILA-STA. ANA,14
1931,2002,BLW,NOL 4,BULACAN-BALIUAG,13008-005-5,13008-005-5,NOL,BULACAN-BALIUAG,26
1932,2003,BOC,NOL 4,BULACAN-BOCAUE,13008-018-1,13008-018-1,NOL,BULACAN-BOCAUE,26
1933,2004,MLL,NOL 4,MALOLOS CITY-STO. NIÑO,13008-007-1,13008-007-1,NOL,MALOLOS CITY-STO. NIÑO,26
1934,2005,MLS,NOL 4,MALOLOS CITY-MACARTHUR HI-WAY,13008-019-4,13008-019-4,NOL,MALOLOS CITY-MACARTHUR HI-WAY,26
1937,2008,PLD,NOL 4,BULACAN-PLARIDEL,13008-016-5,13008-016-5,NOL,BULACAN-PLARIDEL,26
1939,2010,SJD,NOL 4,SAN JOSE DEL MONTE-QUIRINO HI-WAY,13008-013-6,13008-013-6,NOL,SAN JOSE DEL MONTE-QUIRINO HI-WAY,26
1941,2012,STM,NOL 4,BULACAN-STA. MARIA,13008-008-4,13008-008-4,NOL,BULACAN-STA. MARIA,26
1942,2013,BPR,NOL 4,BULACAN-PULILAN-RIS6,13008-027-5,13008-027-5,NOL,BULACAN-PULILAN-RIS6,26
1943,2026,AGL,NOL 5,ANGELES-STO. ROSARIO,06008-001-5,06008-001-5,NOL,ANGELES-STO. ROSARIO,27
1944,2027,AES,NOL 5,ANGELES-MACARTHUR HIGHWAY,06008-016-7,06008-016-7,NOL,ANGELES-MACARTHUR HIGHWAY,27
1945,2028,ALT,NOL 5,PAMPANGA-APALIT,06008-009-9,06008-009-9,NOL,PAMPANGA-APALIT,27
1946,2029,CPT,NOL 8,TARLAC-CAPAS,22008-007-5,22008-007-5,NOL,TARLAC-CAPAS,30
1947,2030,CLF,NOL 5,PAMPANGA-CLARK FIELD,06008-010-9,06008-010-9,NOL,PAMPANGA-CLARK FIELD,27
1952,2035,CKP,NOL 5,PAMPANGA-MABALACAT-MABIGA,06008-015-4,06008-015-4,NOL,PAMPANGA-MABALACAT-MABIGA,27
1953,2036,MBB,NOL 5,PAMPANGA-MACABEBE,06008-004-4,06008-004-4,NOL,PAMPANGA-MACABEBE,27
1954,2037,SGP,NOL 5,SAN FERNANDO CITY-SINDALAN,06008-014-1,06008-014-1,NOL,SAN FERNANDO CITY-SINDALAN,27
1957,2040,LPS,NOL 5,PAMPANGA-SAN SIMON,06008-018-3,06008-018-3,NOL,PAMPANGA-SAN SIMON,27
1963,2056,LBO,NOL 5,PAMPANGA-LUBAO,06008-017-0,06008-017-0,NOL,PAMPANGA-LUBAO,27
1966,2059,OLO,NOL 6,OLONGAPO CITY-MAGSAYSAY DRIVE,28008-005-7,28008-005-7,NOL,OLONGAPO CITY-MAGSAYSAY DRIVE,28
1968,2061,SBC,NOL 6,OLONGAPO CITY-SUBIC BAY,28008-003-1,28008-003-1,NOL,OLONGAPO CITY-SUBIC BAY,28
1970,2077,CLG,NOL 7,PANGASINAN-BAYAMBANG,05008-013-5,05008-013-5,NOL,PANGASINAN-BAYAMBANG,29
1971,2078,CML,NOL 8,TARLAC-CAMILING,22008-006-2,22008-006-2,NOL,TARLAC-CAMILING,30
1833,1462,PMN,SMM-8,LAS PIÑAS-PAMPLONA,01008-216-0,01008-216-0,SMMR,LAS PIÑAS-PAMPLONA,22
1834,1463,SMA,SMM-8,LAS PIÑAS – EVIA LIFESTYLE CENTER,01008-259-7,01008-259-7,SMMR,LAS PIÑAS – EVIA LIFESTYLE CENTER,22
1838,1477,BFH,SMM-7,PARAÑAQUE-BF HOMES-PRES. AVE.,01008-201-8,01008-201-8,SMMR,PARAÑAQUE-BF HOMES-PRES. AVE.,21
1840,1479,BAC,SMM-5,PARANAQUE-BF HOMES-PHASE 3 to 1478,01008-161-1,01008-161-1,SMMR,PARANAQUE-BF HOMES-PHASE 3 to 1478,19
1843,1482,FTI,SMM-7,TAGUIG-FTI COMPLEX,01008-010-4,01008-010-4,SMMR,TAGUIG-FTI COMPLEX,21
1845,1484,NNY,SMM-5,NAIA 1-ARRIVAL AREA to 1483,01008-048-9,01008-048-9,SMMR,NAIA 1-ARRIVAL AREA to 1483,19
1849,1488,PTO,VISAYAS 1,PALAWAN-PUERTO PRINCESA-VALENCIA,35008-001-3,35008-001-3,VISAYAS,PALAWAN-PUERTO PRINCESA-VALENCIA,38
1851,1490,SCT,SMM-7,PARAÑAQUE-SUCAT-A. SANTOS,01008-081-6,01008-081-6,SMMR,PARAÑAQUE-SUCAT-A. SANTOS,21
1852,1491,SUT,SMM-7,PARAÑAQUE-SUCAT-EVACOM,01008-173-4,01008-173-4,SMMR,PARAÑAQUE-SUCAT-EVACOM,21
1853,1492,UPQ,SMM-7,PARAÑAQUE-EAST SERVICE ROAD,01008-160-8,01008-160-8,SMMR,PARAÑAQUE-EAST SERVICE ROAD,21
1855,1501,BKL,SMM-4,MAKATI-BANGKAL,01008-073-5,01008-073-5,SMMR,MAKATI-BANGKAL,18
1856,1503,BSP,SMM-3,MANILA-BSP,01008-040-5,01008-040-5,SMMR,MANILA-BSP,17
1858,1505,DTC,SMM-7,PASAY-DOMESTIC AIRPORT RD.,01008-214-4,01008-214-4,SMMR,PASAY-DOMESTIC AIRPORT RD.,21
1860,1507,EDX,SMM-5,PASAY-EDSA EXTENSION,01008-174-7,01008-174-7,SMMR,PASAY-EDSA EXTENSION,19
1862,1510,PAS,SMM-5,PASAY-BACLARAN,01008-021-4,01008-021-4,SMMR,PASAY-BACLARAN,19
1863,1511,PED,SMM-5,PASAY-EDSA,01008-182-8,01008-182-8,SMMR,PASAY-EDSA,19
1864,1512,LIB,SMM-5,PASAY-LIBERTAD,01008-163-7,01008-163-7,SMMR,PASAY-LIBERTAD,19
1866,1514,RXB,SMM-5,PASAY-ROXAS BLVD.,01008-037-9,01008-037-9,SMMR,PASAY-ROXAS BLVD.,19
1868,1516,LQB,SMM-3,Q.C.-BSP,01008-282-7,01008-282-7,SMMR,Q.C.-BSP,17
1871,1601,BND,SMM-1,BINONDO-SAN FERNANDO,01008-043-4,01008-043-4,SMMR,BINONDO-SAN FERNANDO,15
1874,1604,DMK,SMM-6,MAKATI-LEGASPI SOTTO,01008-164-0,01008-164-0,SMMR,MAKATI-LEGASPI SOTTO,20
1879,1609,JLN,SMM-1,DIVISORIA-JUAN LUNA,01008-157-2,01008-157-2,SMMR,DIVISORIA-JUAN LUNA,15
1880,1610,OPN,CMM-4,MANILA-ONGPIN to 1613,01008-159-8,01008-159-8,CMMR,MANILA-ONGPIN to 1613,12
1881,1611,PDC,SMM-1,BINONDO-PLAZA DEL CONDE,01008-226-7,01008-226-7,SMMR,BINONDO-PLAZA DEL CONDE,15
1884,1614,BLT,SMM-1,MANILA-BENAVIDEZ-LA TORRE,01008-278-8,01008-278-8,SMMR,MANILA-BENAVIDEZ-LA TORRE,15
1885,1626,AUB,SMM-1,DIVISORIA-168 MALL,01008-181-5,01008-181-5,SMMR,DIVISORIA-168 MALL,15
1890,1631,NBA,SMM-2,MANILA-NORTH BAY,01008-206-3,01008-206-3,SMMR,MANILA-NORTH BAY,16
1891,1632,PAD,SMM-1,MANILA-PADRE RADA,01008-146-2,01008-146-2,SMMR,MANILA-PADRE RADA,15
1893,1634,RER,SMM-1,BINONDO-REINA REGENTE,01008-180-2,01008-180-2,SMMR,BINONDO-REINA REGENTE,15
1894,1635,RZL,SMM-2,MANILA-RIZAL AVE.-HERRERA,01008-027-2,01008-027-2,SMMR,MANILA-RIZAL AVE.-HERRERA,16
1896,1637,ABS,SMM-2,MANILA-JOSE ABAD SANTOS,01008-028-5,01008-028-5,SMMR,MANILA-JOSE ABAD SANTOS,16
1900,1653,RCT,CMM-5,MANILA-C.M. RECTO to 1660,01008-024-3,01008-024-3,CMMR,MANILA-C.M. RECTO to 1660,13
1901,1654,ERW,SMM-2,MANILA-EARNSHAW,01008-211-5,01008-211-5,SMMR,MANILA-EARNSHAW,16
1902,1655,JPL,SMM-3,MANILA-J.P. LAUREL,01008-232-2,01008-232-2,SMMR,MANILA-J.P. LAUREL,17
1903,1656,MSK,SMM-1,BINONDO-MASANGKAY,01008-178-9,01008-178-9,SMMR,BINONDO-MASANGKAY,15
1905,1658,PST,CMM-4,MANILA-FLORENTINO TORRES to 1651,01008-077-7,01008-077-7,CMMR,MANILA-FLORENTINO TORRES to 1651,12
1907,1660,UER,SMM-2,MANILA-U.E. RECTO,01008-215-7,01008-215-7,SMMR,MANILA-U.E. RECTO,16
1948,2031,CPC,NOL 8,TARLAC-CONCEPCION,22008-003-3,22008-003-3,NOL,TARLAC-CONCEPCION,30
1949,2032,DAU,NOL 5,PAMPANGA-MABALACAT-DAU,06008-005-7,06008-005-7,NOL,PAMPANGA-MABALACAT-DAU,27
1835,1464,URT,SMM-8,MUNTINLUPA-EAST SERVICE ROAD,01008-268-1,01008-268-1,SMMR,MUNTINLUPA-EAST SERVICE ROAD,22
1836,1465,ZPT,SMM-8,LAS PIÑAS-ZAPOTE,01008-158-5,01008-158-5,SMMR,LAS PIÑAS-ZAPOTE,22
1837,1476,BRL,SMM-7,PARAÑAQUE-BETTER LIVING,01008-203-4,01008-203-4,SMMR,PARAÑAQUE-BETTER LIVING,21
1839,1478,BFA,SMM-7,PARAÑAQUE-BF HOMES-AGUIRRE AVENUE,01008-076-4,01008-076-4,SMMR,PARAÑAQUE-BF HOMES-AGUIRRE AVENUE,21
1841,1480,BCT,SMM-5,PARANAQUE-BICUTAN DONA SOLEDAD to 1476,01008-099-7,01008-099-7,SMMR,PARANAQUE-BICUTAN DONA SOLEDAD to 1476,19
1842,1481,QUI,SMM-5,PARANAQUE-BICUTAN-WEST SERVICE ROAD to 1480,01008-187-3,01008-187-3,SMMR,PARANAQUE-BICUTAN-WEST SERVICE ROAD to 1480,19
1844,1483,MIA,SMM-7,NAIA 1-DEPARTURE AREA,01008-148-8,01008-148-8,SMMR,NAIA 1-DEPARTURE AREA,21
1846,1485,NAI,SMM-7,NAIA 2-DEPARTURE AREA,01008-229-6,01008-229-6,SMMR,NAIA 2-DEPARTURE AREA,21
1847,1486,NYP,SMM-7,NAIA 3-ARRIVAL AREA,01008-072-2,01008-072-2,SMMR,NAIA 3-ARRIVAL AREA,21
1848,1487,NYA,SMM-7,PARAÑAQUE-OYSTER PLAZA,01008-151-4,01008-151-4,SMMR,PARAÑAQUE-OYSTER PLAZA,21
1850,1489,PPP,VISAYAS 1,PALAWAN-PUERTO PRINCESA-SAN PEDRO,35008-002-6,35008-002-6,VISAYAS,PALAWAN-PUERTO PRINCESA-SAN PEDRO,38
1854,1493,PQA,SMM-7,PARAÑAQUE-ASEANA CITY,01008-279-1,01008-279-1,SMMR,PARAÑAQUE-ASEANA CITY,21
1857,1504,CRT,SMM-5,PASAY-CARTIMAR,01008-061-2,01008-061-2,SMMR,PASAY-CARTIMAR,19
1859,1506,EDB,SMM-5,MAKATI-BUENDIA-EDISON,01008-100-6,01008-100-6,SMMR,MAKATI-BUENDIA-EDISON,19
1861,1508,GSS,SMM-5,PASAY-GSIS,01008-023-0,01008-023-0,SMMR,PASAY-GSIS,19
1865,1513,PSY,SMM-5,PASAY-TAFT,01008-131-0,01008-131-0,SMMR,PASAY-TAFT,19
1867,1515,VAB,SMM-5,PASAY-VILLAMOR AIR BASE,01008-018-8,01008-018-8,SMMR,PASAY-VILLAMOR AIR BASE,19
1869,1518,PCW,SMM-5,PASAY-CORAL WAY,01008-284-3,01008-284-3,SMMR,PASAY-CORAL WAY,19
1870,1519,PDD,SMM-5,PASAY MACAPAGAL-DD MERIDIAN,01008-285-6,01008-285-6,SMMR,PASAY MACAPAGAL-DD MERIDIAN,19
1872,1602,MCC,SMM-1,BINONDO-QUINTIN PAREDES,01008-144-6,01008-144-6,SMMR,BINONDO-QUINTIN PAREDES,15
1873,1603,DVI,SMM-1,DIVISORIA-STO. CRISTO-C.M. RECTO,01008-066-7,01008-066-7,SMMR,DIVISORIA-STO. CRISTO-C.M. RECTO,15
1875,1605,DIV,SMM-1,DIVISORIA-STO. CRISTO,01008-124-2,01008-124-2,SMMR,DIVISORIA-STO. CRISTO,15
1876,1606,ECA,SMM-1,DIVISORIA-ELCANO,01008-228-3,01008-228-3,SMMR,DIVISORIA-ELCANO,15
1877,1607,ESC,SMM-2,MANILA-ESCOLTA,01008-001-0,01008-001-0,SMMR,MANILA-ESCOLTA,16
1878,1608,JLA,SMM-1,BINONDO-NUEVA,01008-091-3,01008-091-3,SMMR,BINONDO-NUEVA,15
1882,1612,SNI,SMM-1,BINONDO-SAN NICOLAS,01008-172-1,01008-172-1,SMMR,BINONDO-SAN NICOLAS,15
1883,1613,TAO,SMM-1,MANILA-T. ALONZO,01008-208-9,01008-208-9,SMMR,MANILA-T. ALONZO,15
1886,1627,BMK,SMM-2,MANILA-BAMBANG-MASANGKAY,01008-243-2,01008-243-2,SMMR,MANILA-BAMBANG-MASANGKAY,16
1887,1628,BLU,SMM-2,MANILA-BLUMENTRITT-L. RIVERA,01008-039-5,01008-039-5,SMMR,MANILA-BLUMENTRITT-L. RIVERA,16
1888,1629,BLM,SMM-2,Manila-Rizal Ave.-Laguna,01008-234-8,01008-234-8,SMMR,Manila-Rizal Ave.-Laguna,16
1889,1630,JAS,SMM-2,Manila-J. Abad Santos-Bambang,01008-225-4,01008-225-4,SMMR,Manila-J. Abad Santos-Bambang,16
1892,1633,PTL,SMM-1,MANILA-PRITIL-CAPULONG,01008-111-6,01008-111-6,SMMR,MANILA-PRITIL-CAPULONG,15
1895,1636,TDO,SMM-1,MANILA-TONDO-JUAN LUNA,01008-136-5,01008-136-5,SMMR,MANILA-TONDO-JUAN LUNA,15
1897,1638,TTB,SMM-1,MANILA-TUTUBAN MALL,01008-244-5,01008-244-5,SMMR,MANILA-TUTUBAN MALL,15
1898,1651,ARQ,SMM-2,MANILA-ARRANQUE,01008-121-3,01008-121-3,SMMR,MANILA-ARRANQUE,16
1899,1652,PLC,SMM-2,MANILA-QUIAPO-C. PALANCA,01008-231-9,01008-231-9,SMMR,MANILA-QUIAPO-C. PALANCA,16
1904,1657,MRT,SMM-2,MANILA-MORAYTA,01008-176-3,01008-176-3,SMMR,MANILA-MORAYTA,16
1906,1659,QPO,SMM-2,MANILA-FUGOSO ST.,01008-133-6,01008-133-6,SMMR,MANILA-FUGOSO ST.,16
1950,2033,DLR,NOL 5,SAN FERNANDO CITY-DOLORES,06008-011-2,06008-011-2,NOL,SAN FERNANDO CITY-DOLORES,27
2054,2431,CEP,SOL 2,CAVITE-ROSARIO-CEPZ,41008-003-4,41008-003-4,SOL,CAVITE-ROSARIO-CEPZ,32
2055,2432,DMS,SOL 2,DASMARIÑAS-SALITRAN,41008-015-7,41008-015-7,SOL,DASMARIÑAS-SALITRAN,32
2056,2433,IMS,SOL 2,CAVITE-IMUS BAYAN,41008-005-0,41008-005-0,SOL,CAVITE-IMUS BAYAN,32
2059,2436,MLN,SOL 2,BACOOR CITY-MOLINO,41008-012-8,41008-012-8,SOL,BACOOR CITY-MOLINO,32
2060,2437,NAC,SOL 2,CAVITE-NAIC,41008-017-3,41008-017-3,SOL,CAVITE-NAIC,32
2061,2438,SLG,SOL 2,CAVITE-SILANG,41008-002-1,41008-002-1,SOL,CAVITE-SILANG,32
2062,2439,TGY,SOL 2,TAGAYTAY-MENDEZ,41008-006-3,41008-006-3,SOL,TAGAYTAY-MENDEZ,32
2063,2440,TGT,SOL 2,TAGAYTAY-AGUINALDO,41008-008-9,41008-008-9,SOL,TAGAYTAY-AGUINALDO,32
2065,2451,BNN,SOL 3,LAGUNA-BIÑAN,31008-005-3,31008-005-3,SOL,LAGUNA-BIÑAN,33
2066,2452,BIN,SOL 3,CAVITE-CARMONA,41008-018-6,41008-018-6,SOL,CAVITE-CARMONA,33
2068,2454,CLB,SOL 3,LAGUNA-CALAMBA-POBLACION,31008-003-7,31008-003-7,SOL,LAGUNA-CALAMBA-POBLACION,33
2069,2455,CMB,SOL 3,LAGUNA-CALAMBA-PARIAN,31008-017-6,31008-017-6,SOL,LAGUNA-CALAMBA-PARIAN,33
2071,2457,CLX,SOL 3,LAGUNA-CALAMBA CROSSING,31008-018-9,31008-018-9,SOL,LAGUNA-CALAMBA CROSSING,33
2072,2458,PCT,SOL 2,LAGUNA-SOUTHWOODS,31008-016-3,31008-016-3,SOL,LAGUNA-SOUTHWOODS,32
2074,2460,SPD,SOL 3,LAGUNA-SAN PEDRO,31008-006-6,31008-006-6,SOL,LAGUNA-SAN PEDRO,33
2075,2461,SPL,SOL 3,LAGUNA-SAN PEDRO-NAT'L. HI-WAY,31008-012-1,31008-012-1,SOL,LAGUNA-SAN PEDRO-NAT'L. HI-WAY,33
2078,2464,UPL,SOL 3,LAGUNA-UPLB,31008-007-9,31008-007-9,SOL,LAGUNA-UPLB,33
2079,2465,LCK,SOL 2,CAVITE-KAWIT-CENTENNIAL ROAD,41008-022-5,41008-022-5,SOL,CAVITE-KAWIT-CENTENNIAL ROAD,32
2080,2466,LCS,SOL 2,CAVITE-SILANG-LUCSUHIN (BL 2438),41008-023-8,41008-023-8,SOL,CAVITE-SILANG-LUCSUHIN (BL 2438),32
2082,2477,BOA,SOL 4,MARINDUQUE-BOAC,01008-985-9,01008-985-9,SOL,MARINDUQUE-BOAC,34
2084,2479,GMC,SOL 4,QUEZON-GUMACA,14008-005-8,14008-005-8,SOL,QUEZON-GUMACA,34
2085,2480,LOP,SOL 4,QUEZON-LOPEZ,14008-003-2,14008-003-2,SOL,QUEZON-LOPEZ,34
2086,2481,LCA,SOL 4,LUCENA CITY-QUEZON AVE.,14008-001-6,14008-001-6,SOL,LUCENA CITY-QUEZON AVE.,34
2087,2482,LUQ,SOL 4,LUCENA CITY-ENRIQUEZ,14008-004-5,14008-004-5,SOL,LUCENA CITY-ENRIQUEZ,34
2091,2486,SNL,SOL 4,LAGUNA-SINILOAN,31008-002-4,31008-002-4,SOL,LAGUNA-SINILOAN,34
2096,2502,DCN,SOL 5,CAMARINES NORTE-DAET-PIMENTEL AVE.,36008-003-2,36008-003-2,SOL,CAMARINES NORTE-DAET-PIMENTEL AVE.,35
2099,2505,LGO,SOL 5,ALBAY-LIGAO,16008-003-8,16008-003-8,SOL,ALBAY-LIGAO,35
2105,2526,AYC,SOL 6,LEGAZPI CITY-ALBAY CAPITOL,16008-007-0,16008-007-0,SOL,LEGAZPI CITY-ALBAY CAPITOL,36
2106,2527,BNS,SOL 6,SORSOGON-BULAN,16008-010-6,16008-010-6,SOL,SORSOGON-BULAN,36
2107,2528,DRG,SOL 6,ALBAY-DARAGA,16008-009-6,16008-009-6,SOL,ALBAY-DARAGA,36
2108,2529,LGS,SOL 6,LEGAZPI CITY-DON B. ERQUIAGA,16008-001-2,16008-001-2,SOL,LEGAZPI CITY-DON B. ERQUIAGA,36
2109,2530,LGP,SOL 6,LEGAZPI CITY-IMPERIAL,16008-008-3,16008-008-3,SOL,LEGAZPI CITY-IMPERIAL,36
2111,2532,SSN,SOL 6,SORSOGON CITY-RIZAL,16008-005-4,16008-005-4,SOL,SORSOGON CITY-RIZAL,36
2116,3002,BLA,VISAYAS 2,CEBU-BANILAD-FORTUNA,02008-024-6,02008-024-6,VISAYAS,CEBU-BANILAD-FORTUNA,39
2117,3003,CBU,VISAYAS 1,CEBU-M.C. BRIONES,02008-001-3,02008-001-3,VISAYAS,CEBU-M.C. BRIONES,38
2120,3006,FOS,VISAYAS 1,CEBU-ESCARIO,02008-018-1,02008-018-1,VISAYAS,CEBU-ESCARIO,38
2121,3007,GOR,VISAYAS 1,CEBU BUSINESS PARK,02008-029-1,02008-029-1,VISAYAS,CEBU BUSINESS PARK,38
2122,3008,JKM,VISAYAS 1,CEBU-JAKOSALEM,02008-032-7,02008-032-7,VISAYAS,CEBU-JAKOSALEM,38
2124,3010,OPC,VISAYAS 1,CEBU-BANAWA,02008-015-2,02008-015-2,VISAYAS,CEBU-BANAWA,38
2125,3011,CIP,VISAYAS 1,CEBU I.T. PARK,02008-013-6,02008-013-6,VISAYAS,CEBU I.T. PARK,38
1951,2034,EGC,NOL 5,SAN FERNANDO CITY-EAST GATE,06008-006-0,06008-006-0,NOL,SAN FERNANDO CITY-EAST GATE,27
2127,3026,ACS,VISAYAS 2,CEBU-MANDAUE-A. CORTES,02008-025-9,02008-025-9,VISAYAS,CEBU-MANDAUE-A. CORTES,39
2129,3028,BOG,VISAYAS 2,CEBU-BOGO,02008-014-9,02008-014-9,VISAYAS,CEBU-BOGO,39
2130,3029,CNM,VISAYAS 2,CEBU-MANDAUE CENTRO,02008-012-3,02008-012-3,VISAYAS,CEBU-MANDAUE CENTRO,39
2131,3030,CSN,VISAYAS 2,CEBU-CONSOLACION,02008-030-1,02008-030-1,VISAYAS,CEBU-CONSOLACION,39
2134,3033,LAP,VISAYAS 2,CEBU-LAPU-LAPU MARKET,02008-020-4,02008-020-4,VISAYAS,CEBU-LAPU-LAPU MARKET,39
2135,3035,MDU,VISAYAS 2,CEBU-MANDAUE-LOPEZ JAENA,02008-004-2,02008-004-2,VISAYAS,CEBU-MANDAUE-LOPEZ JAENA,39
2136,3036,MSD,VISAYAS 2,CEBU-MANDAUE-SUBANGDAKU,02008-021-7,02008-021-7,VISAYAS,CEBU-MANDAUE-SUBANGDAKU,39
2137,3037,MEP,VISAYAS 2,CEBU-MEPZ,02008-007-1,02008-007-1,VISAYAS,CEBU-MEPZ,39
2140,3040,TLB,VISAYAS 1,CEBU-TALAMBAN,02008-027-5,02008-027-5,VISAYAS,CEBU-TALAMBAN,38
2144,3052,CRC,VISAYAS 3,CEBU-CARCAR,02008-028-8,02008-028-8,VISAYAS,CEBU-CARCAR,40
2146,3054,MMB,VISAYAS 3,CEBU-MAMBALING,02008-023-3,02008-023-3,VISAYAS,CEBU-MAMBALING,40
2147,3055,MIN,VISAYAS 3,CEBU-MINGLANILLA,02008-031-4,02008-031-4,VISAYAS,CEBU-MINGLANILLA,40
2149,3057,TAB,VISAYAS 3,CEBU-TABUNOK-TALISAY,02008-019-4,02008-019-4,VISAYAS,CEBU-TABUNOK-TALISAY,40
2150,3058,TAG,VISAYAS 3,TAGBILARAN-C.P. GARCIA AVE.,33008-001-7,33008-001-7,VISAYAS,TAGBILARAN-C.P. GARCIA AVE.,40
2152,3060,TLD,VISAYAS 3,CEBU-TOLEDO,02008-008-4,02008-008-4,VISAYAS,CEBU-TOLEDO,40
2153,3061,TBG,VISAYAS 3,BOHOL-TUBIGON,33008-002-0,33008-002-0,VISAYAS,BOHOL-TUBIGON,40
2155,3063,LBP,VISAYAS 3,BOHOL-PANGLAO,33008-006-2,33008-006-2,VISAYAS,BOHOL-PANGLAO,40
2156,3064,LBT,VISAYAS 3,BOHOL-TALIBON,33008-007-5,33008-007-5,VISAYAS,BOHOL-TALIBON,40
2158,3077,BCD,VISAYAS 4,BACOLOD-LACSON,04008-001-9,04008-001-9,VISAYAS,BACOLOD-LACSON,41
2161,3080,BLB,VISAYAS 4,BACOLOD-LIBERTAD,04008-010-3,04008-010-3,VISAYAS,BACOLOD-LIBERTAD,41
2162,3081,LCN,VISAYAS 4,BACOLOD-NEGROS CYBER CENTRE,04008-011-6,04008-011-6,VISAYAS,BACOLOD-NEGROS CYBER CENTRE,41
2164,3083,BWN,VISAYAS 5,NEGROS OR.-BAYAWAN,20008-006-6,20008-006-6,VISAYAS,NEGROS OR.-BAYAWAN,42
2165,3084,BBG,VISAYAS 5,NEGROS OCC.-BINALBAGAN,04008-008-0,04008-008-0,VISAYAS,NEGROS OCC.-BINALBAGAN,42
2166,3085,CDZ,VISAYAS 4,NEGROS OCC.-CADIZ CITY,04008-007-7,04008-007-7,VISAYAS,NEGROS OCC.-CADIZ CITY,41
2167,3086,DGT,VISAYAS 5,DUMAGUETE CITY-SILLIMAN AVE.,20008-001-1,20008-001-1,VISAYAS,DUMAGUETE CITY-SILLIMAN AVE.,42
2168,3087,BYW,VISAYAS 5,DUMAGUETE CITY-SOUTH ROAD,20008-005-3,20008-005-3,VISAYAS,DUMAGUETE CITY-SOUTH ROAD,42
2169,3088,DUM,VISAYAS 5,DUMAGUETE CITY-LOCSIN,20008-003-7,20008-003-7,VISAYAS,DUMAGUETE CITY-LOCSIN,42
2171,3090,KKL,VISAYAS 5,NEGROS OCC.-KABANKALAN CITY,70008-001-6,70008-001-6,VISAYAS,NEGROS OCC.-KABANKALAN CITY,42
2173,3092,LZG,VISAYAS 4,BACOLOD-LUZURIAGA,04008-003-5,04008-003-5,VISAYAS,BACOLOD-LUZURIAGA,41
2174,3093,SNC,VISAYAS 5,NEGROS OCC.-SAN CARLOS CITY,71008-001-9,71008-001-9,VISAYAS,NEGROS OCC.-SAN CARLOS CITY,42
2175,3094,SLY,VISAYAS 4,NEGROS OCC.-SILAY CITY,04008-004-8,04008-004-8,VISAYAS,NEGROS OCC.-SILAY CITY,41
2176,3095,LSQ,VISAYAS 5,SIQUIJOR-LARENA,20008-007-9,20008-007-9,VISAYAS,SIQUIJOR-LARENA,42
2178,3097,VTR,VISAYAS 4,NEGROS OCC.-VICTORIAS CITY,04008-006-4,04008-006-4,VISAYAS,NEGROS OCC.-VICTORIAS CITY,41
2179,3101,ATQ,VISAYAS 6,ANTIQUE-T.A. FORNIER,69008-001-6,69008-001-6,VISAYAS,ANTIQUE-T.A. FORNIER,43
2182,3104,ILO,VISAYAS 6,ILOILO-IZNART,08008-001-1,08008-001-1,VISAYAS,ILOILO-IZNART,43
2183,3105,ALD,VISAYAS 6,ILOILO-ALDEGUER,08008-008-2,08008-008-2,VISAYAS,ILOILO-ALDEGUER,43
2188,3110,KAL,VISAYAS 7,AKLAN-KALIBO-MARTELINO,29008-002-1,29008-002-1,VISAYAS,AKLAN-KALIBO-MARTELINO,44
2190,3112,LED,VISAYAS 6,ILOILO-LEDESMA,08008-009-5,08008-009-5,VISAYAS,ILOILO-LEDESMA,43
2191,3113,MGA,VISAYAS 6,ILOILO-MIAG-AO,08008-006-6,08008-006-6,VISAYAS,ILOILO-MIAG-AO,43
2195,3117,RXS,VISAYAS 7,CAPIZ ROXAS-C.M. RECTO,34008-001-0,34008-001-0,VISAYAS,CAPIZ ROXAS-C.M. RECTO,44
2197,3119,SJA,VISAYAS 6,ANTIQUE-SAN JOSE,69008-002-9,69008-002-9,VISAYAS,ANTIQUE-SAN JOSE,43
2198,3120,SBI,VISAYAS 6,ILOILO-STA. BARBARA,08008-013-4,08008-013-4,VISAYAS,ILOILO-STA. BARBARA,43
2199,3126,BYB,VISAYAS 8,SOUTHERN LEYTE-SOGOD,65008-001-4,65008-001-4,VISAYAS,SOUTHERN LEYTE-SOGOD,45
2200,3127,BYL,VISAYAS 8,LEYTE-BAYBAY CITY,65008-002-7,65008-002-7,VISAYAS,LEYTE-BAYBAY CITY,45
2201,3128,BRG,VISAYAS 8,EASTERN SAMAR-BORONGAN CITY,77008-001-7,77008-001-7,VISAYAS,EASTERN SAMAR-BORONGAN CITY,45
2202,3129,CBG,VISAYAS 8,SAMAR-CALBAYOG CITY,68008-001-3,68008-001-3,VISAYAS,SAMAR-CALBAYOG CITY,45
2203,3130,CTR,VISAYAS 8,NORTHERN SAMAR-CATARMAN,66008-001-7,66008-001-7,VISAYAS,NORTHERN SAMAR-CATARMAN,45
2206,3133,DWT,VISAYAS 8,TACLOBAN CITY-RIZAL AVE.,11008-002-0,11008-002-0,VISAYAS,TACLOBAN CITY-RIZAL AVE.,45
2207,3134,GUI,VISAYAS 8,EASTERN SAMAR-GUIUAN,01008-988-8,01008-988-8,VISAYAS,EASTERN SAMAR-GUIUAN,45
2209,3136,NVL,VISAYAS 8,BILIRAN-NAVAL,01008-991-4,01008-991-4,VISAYAS,BILIRAN-NAVAL,45
2211,3138,ORC,VISAYAS 8,LEYTE-ORMOC COGON,39008-002-8,39008-002-8,VISAYAS,LEYTE-ORMOC COGON,45
2214,3141,TCL,VISAYAS 8,TACLOBAN CITY-ZAMORA,11008-003-3,11008-003-3,VISAYAS,TACLOBAN CITY-ZAMORA,45
2216,3143,LBY,VISAYAS 8,LEYTE-BAYBAY CITY-VSU,65008-003-0,65008-003-0,VISAYAS,LEYTE-BAYBAY CITY-VSU,45
2217,4001,BJD,MINDANAO 1,DAVAO-OBRERO,03008-002-9,03008-002-9,MINDANAO,DAVAO-OBRERO,46
2219,4003,BKR,MINDANAO 2,DAVAO-ATENEO,03008-003-2,03008-003-2,MINDANAO,DAVAO-ATENEO,47
2221,4005,DVO,MINDANAO 1,DAVAO-SAN PEDRO-C.M. RECTO,03008-001-6,03008-001-6,MINDANAO,DAVAO-SAN PEDRO-C.M. RECTO,46
2222,4006,DTA,MINDANAO 2,DAVAO DEL NORTE-TAGUM-APOKON,03008-020-7,03008-020-7,MINDANAO,DAVAO DEL NORTE-TAGUM-APOKON,47
2223,4007,LNG,MINDANAO 2,DAVAO-LANANG,03008-018-4,03008-018-4,MINDANAO,DAVAO-LANANG,47
2224,4008,DSP,MINDANAO 1,DAVAO-SAN PEDRO,03008-013-9,03008-013-9,MINDANAO,DAVAO-SAN PEDRO,46
2226,4010,MTI,MINDANAO 2,DAVAO ORIENTAL-MATI,56008-001-0,56008-001-0,MINDANAO,DAVAO ORIENTAL-MATI,47
2228,4012,SSA,MINDANAO 2,DAVAO-SASA,03008-004-5,03008-004-5,MINDANAO,DAVAO-SASA,47
2229,4013,TGU,MINDANAO 2,DAVAO DEL NORTE-TAGUM-RIZAL,03008-012-6,03008-012-6,MINDANAO,DAVAO DEL NORTE-TAGUM-RIZAL,47
2230,4014,DPN,MINDANAO 2,DAVAO-PANACAN to 4012,03008-024-9,03008-024-9,MINDANAO,DAVAO-PANACAN to 4012,47
2231,4015,DGA,MINDANAO 1,DAVAO-GAISANO CABANTIAN,03008-026-5,03008-026-5,MINDANAO,DAVAO-GAISANO CABANTIAN,46
2235,4026,ASR,MINDANAO 4,AGUSAN DEL SUR-SAN FRANCISCO,57008-001-3,57008-001-3,MINDANAO,AGUSAN DEL SUR-SAN FRANCISCO,49
2236,4027,BYU,MINDANAO 4,AGUSAN DEL SUR-BAYUGAN CITY,30008-003-4,30008-003-4,MINDANAO,AGUSAN DEL SUR-BAYUGAN CITY,49
2237,4028,BTA,MINDANAO 4,BUTUAN CITY-MONTILLA,30008-001-8,30008-001-8,MINDANAO,BUTUAN CITY-MONTILLA,49
2239,4030,GNG,MINDANAO 4,MISAMIS ORIENTAL-GINGOOG CITY,75008-001-1,75008-001-1,MINDANAO,MISAMIS ORIENTAL-GINGOOG CITY,49
2240,4031,MBJ,MINDANAO 4,CAMIGUIN-MAMBAJAO,01008-989-1,01008-989-1,MINDANAO,CAMIGUIN-MAMBAJAO,49
2241,4032,SGO,MINDANAO 4,SURIGAO CITY-RIZAL,21008-001-4,21008-001-4,MINDANAO,SURIGAO CITY-RIZAL,49
2242,4033,SRG,MINDANAO4,SURIGAO CITY-GAISANO CAPITAL to 4032,21008-003-0,21008-003-0,MINDANAO,SURIGAO CITY-GAISANO CAPITAL to 4032,0
2244,4035,TDG,MINDANAO 4,SURIGAO DEL SUR-TANDAG CITY,59008-001-9,59008-001-9,MINDANAO,SURIGAO DEL SUR-TANDAG CITY,49
2246,4051,CBT,MINDANAO 3,COTABATO CITY-MAKAKUA,27008-001-2,27008-001-2,MINDANAO,COTABATO CITY-MAKAKUA,48
2247,4052,COT,MINDANAO 3,COTABATO CITY-DOROTHEO,27008-002-5,27008-002-5,MINDANAO,COTABATO CITY-DOROTHEO,48
2248,4053,DDG,MINDANAO 3,GENERAL SANTOS-SANTIAGO,24008-002-6,24008-002-6,MINDANAO,GENERAL SANTOS-SANTIAGO,48
2251,4056,ISU,MINDANAO 3,SULTAN KUDARAT-ISULAN,74008-001-8,74008-001-8,MINDANAO,SULTAN KUDARAT-ISULAN,48
2252,4057,KCC,MINDANAO 3,GENERAL SANTOS-KCC MALL,24008-004-2,24008-004-2,MINDANAO,GENERAL SANTOS-KCC MALL,48
2253,4058,KPW,MINDANAO 3,NORTH COTABATO-KIDAPAWAN,54008-001-4,54008-001-4,MINDANAO,NORTH COTABATO-KIDAPAWAN,48
2254,4059,KND,MINDANAO 3,KORONADAL CITY-MORROW,55008-001-7,55008-001-7,MINDANAO,KORONADAL CITY-MORROW,48
2255,4060,KOR,MINDANAO 3,KORONADAL CITY-POBLACION,55008-003-3,55008-003-3,MINDANAO,KORONADAL CITY-POBLACION,48
2257,4062,CSP,MINDANAO 3,COTABATO CITY-S.K. PENDATUN,27008-003-8,27008-003-8,MINDANAO,COTABATO CITY-S.K. PENDATUN,48
2259,4076,DCR,MINDANAO 2,DAVAO-C.M. RECTO,03008-015-5,03008-015-5,MINDANAO,DAVAO-C.M. RECTO,47
2260,4077,DDS,MINDANAO 1,DAVAO-CABAGUIO AVE.,03008-021-0,03008-021-0,MINDANAO,DAVAO-CABAGUIO AVE.,46
2261,4078,ADD,MINDANAO 1,DAVAO-DIVERSION ROAD,03008-006-1,03008-006-1,MINDANAO,DAVAO-DIVERSION ROAD,46
2264,4081,DST,MINDANAO 2,DAVAO-MAGSAYSAY-LIZADA,03008-014-2,03008-014-2,MINDANAO,DAVAO-MAGSAYSAY-LIZADA,47
2265,4082,KID,MINDANAO 1,DAVAO-CALINAN,03008-023-6,03008-023-6,MINDANAO,DAVAO-CALINAN,46
2267,4084,DMV,MINDANAO 2,DAVAO-MONTEVERDE-SALES,03008-007-4,03008-007-4,MINDANAO,DAVAO-MONTEVERDE-SALES,47
2270,4087,TRL,MINDANAO 1,DAVAO-MATINA-MACARTHUR HIGHWAY,03008-017-1,03008-017-1,MINDANAO,DAVAO-MATINA-MACARTHUR HIGHWAY,46
2271,4101,CDO,MINDANAO 5,CDO-CORRALES-CHAVES,10008-001-4,10008-001-4,MINDANAO,CDO-CORRALES-CHAVES,50
2275,4105,CAG,MINDANAO 5,CDO-COGON,10008-005-6,10008-005-6,MINDANAO,CDO-COGON,50
2276,4106,ILI,MINDANAO 5,ILIGAN CITY-AGUINALDO,18008-001-8,18008-001-8,MINDANAO,ILIGAN CITY-AGUINALDO,50
2278,4108,LKK,MINDANAO 5,CDO-LIMKETKAI DRIVE,10008-004-3,10008-004-3,MINDANAO,CDO-LIMKETKAI DRIVE,50
2279,4109,LNC,MINDANAO 5,CDO-LIMKETKAI MALL NORTH CONCOURSE,10008-002-7,10008-002-7,MINDANAO,CDO-LIMKETKAI MALL NORTH CONCOURSE,50
2284,4115,VLN,MINDANAO 5,BUKIDNON-MARAMAG,51008-003-1,51008-003-1,MINDANAO,BUKIDNON-MARAMAG,50
2285,4116,VLC,MINDANAO 5,VALENCIA CITY-MABINI,51008-002-8,51008-002-8,MINDANAO,VALENCIA CITY-MABINI,50
2288,4128,DIP,MINDANAO 6,DIPOLOG CITY-RIZAL,50008-002-5,50008-002-5,MINDANAO,DIPOLOG CITY-RIZAL,48
2289,4129,IPL,MINDANAO 6,ZAMBOANGA SIBUGAY-IPIL,60008-002-2,60008-002-2,MINDANAO,ZAMBOANGA SIBUGAY-IPIL,48
2292,4132,MOL,MINDANAO 6,ZAMBOANGA DEL SUR-MOLAVE,25008-005-8,25008-005-8,MINDANAO,ZAMBOANGA DEL SUR-MOLAVE,48
2293,4133,ORQ,MINDANAO 6,MISAMIS OCC.-OROQUIETA CITY,76008-001-4,76008-001-4,MINDANAO,MISAMIS OCC.-OROQUIETA CITY,48
2294,4134,OZS,MINDANAO 6,OZAMIS CITY-RIZAL AVE.,25008-002-9,25008-002-9,MINDANAO,OZAMIS CITY-RIZAL AVE.,48
2295,4135,OZM,MINDANAO 6,OZAMIS CITY-BURGOS,25008-003-2,25008-003-2,MINDANAO,OZAMIS CITY-BURGOS,48
2296,4136,PGZ,MINDANAO 6,PAGADIAN CITY-PAJARES,72008-002-5,72008-002-5,MINDANAO,PAGADIAN CITY-PAJARES,48
2300,4151,BAS,MINDANAO 7,BASILAN-ISABELA-ROXAS,62008-002-8,62008-002-8,MINDANAO,BASILAN-ISABELA-ROXAS,51
2303,4154,JLO,VISAYAS 7,BORACAY STATION 1 to 3102,29008-004-7,29008-004-7,VISAYAS,BORACAY STATION 1 to 3102,44
2304,4155,JGA,MINDANAO 7,JOLO-AROLAS,63008-002-1,63008-002-1,MINDANAO,JOLO-AROLAS,51
2306,4157,TAW,VISAYAS 2,CEBU-LILOAN,02008-036-9,02008-036-9,VISAYAS,CEBU-LILOAN,39
2307,4158,TWI,MINDANAO 7,TAWI-TAWI-BONGAO,09008-010-8,09008-010-8,MINDANAO,TAWI-TAWI-BONGAO,51
2313,4164,TTN,MINDANAO 7,ZAMBOANGA-TETUAN,09008-002-7,09008-002-7,MINDANAO,ZAMBOANGA-TETUAN,51
2314,4165,VTS,MINDANAO 7,ZAMBOANGA-VETERANS AVENUE,09008-008-5,09008-008-5,MINDANAO,ZAMBOANGA-VETERANS AVENUE,51
2317,6118,HJK,HEAD OFFICE,CONS LOANS OP DEPT-MGR,00008-611-8,00008-611-8,HEAD OFFICE,CONS LOANS OP DEPT-MGR,1
2318,6301,CLP,SOL 7,OR MINDORO-CALAPAN SAN VICENTE WEST to 2406,38008-003-8,38008-003-8,SOL,OR MINDORO-CALAPAN SAN VICENTE WEST to 2406,37
2320,6303,ROM,SOL 7,OR. MINDORO-ROXAS,38008-006-7,38008-006-7,SOL,OR. MINDORO-ROXAS,37
2323,6306,VIC,SOL 7,OR. MINDORO-VICTORIA,38008-008-3,38008-008-3,SOL,OR. MINDORO-VICTORIA,37
2328,6311,BMQ,SOL 4,MARINDUQUE-BOAC-D. MERCADER to 2477,01008-983-3,01008-983-3,SOL,MARINDUQUE-BOAC-D. MERCADER to 2477,34
2330,6313,SNJ,SOL 7,OCC MINDORO-SAN JOSE LIBORO to 2411,73008-002-8,73008-002-8,SOL,OCC MINDORO-SAN JOSE LIBORO to 2411,37
2333,6316,TAN,SOL 1,BATANGAS-TANAUAN-VICTORY MALL,19008-012-1,19008-012-1,SOL,BATANGAS-TANAUAN-VICTORY MALL,31
2335,6319,OBA,NOL 4,BULACAN-OBANDO,13008-023-3,13008-023-3,NOL,BULACAN-OBANDO,26
2337,6321,BRZ,NMM-7,RIZAL-BINANGONAN,01008-289-8,01008-289-8,NMMR,RIZAL-BINANGONAN,8
2338,6322,ORI,NOL 6,BATAAN-ORION,06008-019-6,06008-019-6,NOL,BATAAN-ORION,28
2339,6323,CAT,VISAYAS 7,AKLAN-CATICLAN,29008-005-0,29008-005-0,VISAYAS,AKLAN-CATICLAN,44
2341,6325,ZAB,NMM-2,CALOOCAN-CAMARIN to 1115,01008-290-8,01008-290-8,NMMR,CALOOCAN-CAMARIN to 1115,3
2342,6326,TTC,SMM-7,TAGUIG-BAGONG CALZADA,01008-291-1,01008-291-1,SMMR,TAGUIG-BAGONG CALZADA,21
2343,6327,CCO,MINDANAO 5,CDO-TIN-AO,10008-008-5,10008-008-5,MINDANAO,CDO-TIN-AO,50
2344,6328,BTG,SOL-1,BATANGAS CITY-DIEGO SILANG,19008-015-0,19008-015-0,SOL,BATANGAS CITY-DIEGO SILANG,31
2346,6330,CNE,NOL 8,CABANATUAN-DAAN SARILE to 2261,13008-024-6,13008-024-6,NOL,CABANATUAN-DAAN SARILE to 2261,30
2352,6336,SRL,SOL 3,LAGUNA-STA. ROSA-BALIBAGO to 2462,31008-023-1,31008-023-1,SOL,LAGUNA-STA. ROSA-BALIBAGO to 2462,33
2355,6339,LEG,SOL 6,LEGAZPI CITY-LAPU-LAPU to 2530,16008-012-2,16008-012-2,SOL,LEGAZPI CITY-LAPU-LAPU to 2530,36
2356,6340,BLR,NOL 6,AURORA-BALER,01008-981-7,01008-981-7,NOL,AURORA-BALER,28
2357,6341,MKN,NMM-5,MARIKINA-CONCEPCION-J.P. RIZAL to 1283,01008-294-0,01008-294-0,NMMR,MARIKINA-CONCEPCION-J.P. RIZAL to 1283,6
2360,6344,MAR,NOL 4,BULACAN-MARILAO,13008-026-2,13008-026-2,NOL,BULACAN-MARILAO,26
2361,6345,TRT,NOL 8,TARLAC CITY-SAN NICOLAS to 2088,22008-008-8,22008-008-8,NOL,TARLAC CITY-SAN NICOLAS to 2088,30
2362,6346,TAY,NMM-5,RIZAL-TAYTAY-PARAMDAM to 1314,01008-296-6,01008-296-6,NMMR,RIZAL-TAYTAY-PARAMDAM to 1314,6
2368,6352,CNC,NMM-1,CALOOCAN-10TH AVE. SOUTH,01008-299-5,01008-299-5,NMMR,CALOOCAN-10TH AVE. SOUTH,2
2371,6355,MUN,SMM-6,MUNTINLUPA-PUTATAN to 1460,01008-301-7,01008-301-7,SMMR,MUNTINLUPA-PUTATAN to 1460,20
2372,6356,PBL,SOL 4,QUEZON-PAGBILAO,14008-008-7,14008-008-7,SOL,QUEZON-PAGBILAO,34
2373,6357,NVT,SOL 2,CAVITE-NOVELETA to 2428,41008-021-2,41008-021-2,SOL,CAVITE-NOVELETA to 2428,32
2374,6358,PSC,SMM-5,PASAY-GIL PUYAT,01008-303-3,01008-303-3,SMMR,PASAY-GIL PUYAT,19
2375,6359,ILL,VISAYAS 6,ILOILO-MABINI to 3112,08008-014-7,08008-014-7,VISAYAS,ILOILO-MABINI to 3112,43
2376,6360,PGC,NMM-5,PASIG-KAPITOLYO,01008-302-0,01008-302-0,NMMR,PASIG-KAPITOLYO,6
2377,6361,MCB,VISAYAS 1,CEBU-MABOLO,02008-040-8,02008-040-8,VISAYAS,CEBU-MABOLO,38
2378,6362,LBN,SOL 4,QUEZON-LUCBAN,14008-009-0,14008-009-0,SOL,QUEZON-LUCBAN,34
2380,6364,ORT,NMM-6,SAN JUAN-ETON SQUARE ORTIGAS,01008-305-9,01008-305-9,NMMR,SAN JUAN-ETON SQUARE ORTIGAS,7
2384,6369,LLP,SMM-8,LAS PIÑAS CITY-BF RESORT VILLAGE,01008-306-2,01008-306-2,SMMR,LAS PIÑAS CITY-BF RESORT VILLAGE,22
2385,8001,HLO,HEAD OFFICE,REGIONAL LOANS & CREDIT OPERATIONS DIV,00008-800-1,00008-800-1,HEAD OFFICE,REGIONAL LOANS & CREDIT OPERATIONS DIV,1
2386,8007,HZR,HEAD OFFICE,LOANS SERVICE CENTER,00008-800-7,00008-800-7,HEAD OFFICE,LOANS SERVICE CENTER,1
2387,8008,HZM,HEAD OFFICE,MANILA LOANS & SERVICE CENTER,00008-800-8,00008-800-8,HEAD OFFICE,MANILA LOANS & SERVICE CENTER,1
1794,1412,PMP,SMM-6,MAKATI-BUENDIA-PETRON MEGA PLAZA,01008-002-3,01008-002-3,SMMR,MAKATI-BUENDIA-PETRON MEGA PLAZA,20
1795,1413,SLO,SMM-4,MAKATI-SAN LORENZO,01008-051-5,01008-051-5,SMMR,MAKATI-SAN LORENZO,18
1796,1414,SLA,SMM-4,MAKATI-SAN LORENZO-ARNAIZ,01008-189-9,01008-189-9,SMMR,MAKATI-SAN LORENZO-ARNAIZ,18
1799,1427,BON,NMM-5,MANDALUYONG-BONI AVENUE,01008-166-6,01008-166-6,NMMR,MANDALUYONG-BONI AVENUE,6
1801,1429,FBI,SMM-6,BGC-INFINITY,01008-258-4,01008-258-4,SMMR,BGC-INFINITY,20
1802,1430,FBM,SMM-3,TAGUIG-MCKINLEY HILL to 1442,01008-257-1,01008-257-1,SMMR,TAGUIG-MCKINLEY HILL to 1442,17
1804,1432,BGC,SMM-6,BGC-LUXE RESIDENCES,01008-256-8,01008-256-8,SMMR,BGC-LUXE RESIDENCES,20
1805,1433,GLP,SMM-6,MAKATI-GUADALUPE,01008-115-8,01008-115-8,SMMR,MAKATI-GUADALUPE,20
1807,1435,MSW,NMM-5,MANDALUYONG SHAW-ACACIA LANE,01008-186-0,01008-186-0,NMMR,MANDALUYONG SHAW-ACACIA LANE,6
1808,1436,PTK,SMM-5,MAKATI-METROPOLITAN AVENUE,01008-242-9,01008-242-9,SMMR,MAKATI-METROPOLITAN AVENUE,19
1811,1439,SAV,SMM-4,MAKATI-DELA COSTA,01008-140-4,01008-140-4,SMMR,MAKATI-DELA COSTA,18
1813,1441,BGS,SMM-6,BGC-7TH AVENUE,01008-269-4,01008-269-4,SMMR,BGC-7TH AVENUE,20
1814,1442,TMW,SMM-7,TAGUIG-MCKINLEY WEST,01008-270-4,01008-270-4,SMMR,TAGUIG-MCKINLEY WEST,21
1817,1445,BOM,SMM-6,BGC-ONE MCKINLEY PLACE,01008-274-6,01008-274-6,SMMR,BGC-ONE MCKINLEY PLACE,20
1818,1446,BWC,SMM-6,BGC-W CITY CENTER,01008-273-3,01008-273-3,SMMR,BGC-W CITY CENTER,20
1820,1448,BGM,SMM-6,BGC-MENARCO,01008-280-1,01008-280-1,SMMR,BGC-MENARCO,20
1821,1449,MDG,NMM-5,MANDALUYONG-D. GUEVARRA,01008-286-9,01008-286-9,NMMR,MANDALUYONG-D. GUEVARRA,6
1823,1452,ALL,SMM-8,LAS PIÑAS-ONE TOWNSQUARE PLACE,01008-246-1,01008-246-1,SMMR,LAS PIÑAS-ONE TOWNSQUARE PLACE,22
1824,1453,ABM,SMM-8,MUNTINLUPA-ALABANG-MADRIGAL BUSINESS PARK,01008-095-5,01008-095-5,SMMR,MUNTINLUPA-ALABANG-MADRIGAL BUSINESS PARK,22
1825,1454,AMZ,SMM-8,LAS PIÑAS-ALMANZA UNO,01008-098-4,01008-098-4,SMMR,LAS PIÑAS-ALMANZA UNO,22
1826,1455,ALM,SMM-8,MUNTINLUPA-ALABANG-AYALA SOUTH PARK,01008-221-2,01008-221-2,SMMR,MUNTINLUPA-ALABANG-AYALA SOUTH PARK,22
1829,1458,LSP,SMM-8,LAS PIÑAS-CITY HALL,01008-105-1,01008-105-1,SMMR,LAS PIÑAS-CITY HALL,22
1830,1459,LAS,SMM-8,LAS PIÑAS-ALMANZA,01008-150-1,01008-150-1,SMMR,LAS PIÑAS-ALMANZA,22
1909,1677,ERM,SMM-3,MANILA-ERMITA U.N. AVE.,01008-143-3,01008-143-3,SMMR,MANILA-ERMITA U.N. AVE.,17
1913,1681,PFA,CMM-6,MANILA-PADRE FAURA,01008-222-5,01008-222-5,CMMR,MANILA-PADRE FAURA,14
1914,1682,PND,SMM-3,MANILA-PANDACAN,01008-020-1,01008-020-1,SMMR,MANILA-PANDACAN,17
1915,1683,PGH,SMM-3,MANILA-PGH,01008-008-1,01008-008-1,SMMR,MANILA-PGH,17
1921,1704,LGT,SMM-3,MANILA-LEON GUINTO,01008-006-5,01008-006-5,SMMR,MANILA-LEON GUINTO,17
1922,1705,MLT,SMM-3,MANILA-MALATE-TAFT,01008-036-6,01008-036-6,SMMR,MANILA-MALATE-TAFT,17
1925,1708,SDR,SMM-3,MANILA-SAN ANDRES,01008-188-6,01008-188-6,SMMR,MANILA-SAN ANDRES,17
1926,1709,TFT,CMM-6,MANILA-TAFT AVE.-ONE ARCHERS,01008-218-6,01008-218-6,CMMR,MANILA-TAFT AVE.-ONE ARCHERS,14
1927,1710,VIT,CMM-6,MANILA-VITO CRUZ to 1702,01008-245-8,01008-245-8,CMMR,MANILA-VITO CRUZ to 1702,14
1929,1888,MBR,SMM-5,HEAD OFFICE CENTER,01008-097-1,01008-097-1,SMMR,HEAD OFFICE CENTER,19
1930,2001,BLG,NOL 4,BULACAN-BALAGTAS,13008-010-7,13008-010-7,NOL,BULACAN-BALAGTAS,26
1935,2006,MYC,NOL 4,MEYCAUAYAN CITY-MACARTHUR-SALUYSOY,13008-011-0,13008-011-0,NOL,MEYCAUAYAN CITY-MACARTHUR-SALUYSOY,26
1936,2007,MEY,NOL 4,MEYCAUAYAN CITY-ESPERANZA MALL,13008-017-8,13008-017-8,NOL,MEYCAUAYAN CITY-ESPERANZA MALL,26
1938,2009,PUL,NOL 4,BULACAN-ROBINSONS PULILAN,13008-009-7,13008-009-7,NOL,BULACAN-ROBINSONS PULILAN,26
1940,2011,SRA,NOL 4,BULACAN-SAN RAFAEL,13008-021-7,13008-021-7,NOL,BULACAN-SAN RAFAEL,26
1955,2038,SFP,NOL 5,SAN FERNANDO CITY-MACARTHUR HI-WAY,06008-013-8,06008-013-8,NOL,SAN FERNANDO CITY-MACARTHUR HI-WAY,27
1956,2039,SFO,NOL 5,SAN FERNANDO CITY-A. CONSUNJI,06008-003-1,06008-003-1,NOL,SAN FERNANDO CITY-A. CONSUNJI,27
1958,2051,BLN,NOL 6,BATAAN-BALANGA,06008-007-3,06008-007-3,NOL,BATAAN-BALANGA,28
1959,2052,BEP,NOL 6,BATAAN-MARIVELES-BEPZ,06008-012-5,06008-012-5,NOL,BATAAN-MARIVELES-BEPZ,28
1960,2053,DPH,NOL 6,BATAAN-DINALUPIHAN,28008-002-8,28008-002-8,NOL,BATAAN-DINALUPIHAN,28
1961,2054,GGW,NOL 5,PAMPANGA-GUAGUA,06008-002-8,06008-002-8,NOL,PAMPANGA-GUAGUA,27
1962,2055,IBA,NOL 6,ZAMBALES-IBA-R. MAGSAYSAY AVE.,28008-004-4,28008-004-4,NOL,ZAMBALES-IBA-R. MAGSAYSAY AVE.,28
1964,2057,NZM,NOL 6,ZAMBALES-STA. CRUZ,01008-992-7,01008-992-7,NOL,ZAMBALES-STA. CRUZ,28
1965,2058,OGP,NOL 6,OLONGAPO CITY-RIZAL AVE.,28008-001-5,28008-001-5,NOL,OLONGAPO CITY-RIZAL AVE.,28
1967,2060,ORN,NOL 6,BATAAN-ORANI,06008-008-6,06008-008-6,NOL,BATAAN-ORANI,28
1969,2076,AMS,NOL 7,ALAMINOS CITY-QUEZON AVE.,05008-006-7,05008-006-7,NOL,ALAMINOS CITY-QUEZON AVE.,29
1972,2079,DGP,NOL 7,DAGUPAN CITY-A.B. FERNANDEZ,05008-001-2,05008-001-2,NOL,DAGUPAN CITY-A.B. FERNANDEZ,29
1973,2080,DAG,NOL 7,DAGUPAN CITY-A.B. FERNANDEZ-NABLE,05008-008-3,05008-008-3,NOL,DAGUPAN CITY-A.B. FERNANDEZ-NABLE,29
1976,2083,MDN,NOL 7,PANGASINAN-MANGALDAN,05008-011-9,05008-011-9,NOL,PANGASINAN-MANGALDAN,29
1978,2085,RSL,NOL 7,PANGASINAN-ROSALES,05008-007-0,05008-007-0,NOL,PANGASINAN-ROSALES,29
1981,2088,TAR,NOL 8,TARLAC CITY-ZAMORA,22008-005-9,22008-005-9,NOL,TARLAC CITY-ZAMORA,30
1983,2090,URD,NOL 7,URDANETA CITY-NANCAYASAN,05008-003-8,05008-003-8,NOL,URDANETA CITY-NANCAYASAN,29
1984,2091,LTB,NOL 7,URDANETA CITY-ALEXANDER,05008-012-2,05008-012-2,NOL,URDANETA CITY-ALEXANDER,29
1985,2201,ABA,NOL 1,BAGUIO CITY-RIZAL PARK,12008-003-6,12008-003-6,NOL,BAGUIO CITY-RIZAL PARK,23
1987,2203,ALU,NOL 1,AGOO-SAN ANTONIO,15008-004-8,15008-004-8,NOL,AGOO-SAN ANTONIO,23
1989,2205,BGO,NOL 1,BAGUIO CITY-CENTER MALL,12008-005-2,12008-005-2,NOL,BAGUIO CITY-CENTER MALL,23
1991,2207,LUN,NOL 1,LA UNION-SAN FERNANDO PLAZA,15008-001-9,15008-001-9,NOL,LA UNION-SAN FERNANDO PLAZA,23
1993,2209,NRB,NOL 1,BAGUIO CITY-NAGUILIAN ROAD,12008-007-8,12008-007-8,NOL,BAGUIO CITY-NAGUILIAN ROAD,23
1995,2226,BGD,NOL 2,ABRA-BANGUED,32008-004-3,32008-004-3,NOL,ABRA-BANGUED,24
1996,2227,BAN,NOL 2,ABRA-BANGUED-MAGALLANES,32008-006-9,32008-006-9,NOL,ABRA-BANGUED-MAGALLANES,24
1997,2228,BTC,NOL 2,ILOCOS NORTE-BATAC,17008-001-5,17008-001-5,NOL,ILOCOS NORTE-BATAC,24
1998,2229,CDN,NOL 2,CANDON CITY-SAN ANTONIO,32008-003-0,32008-003-0,NOL,CANDON CITY-SAN ANTONIO,24
1999,2230,CIS,NOL 2,CANDON CITY-NATIONAL. HI-WAY,32008-007-2,32008-007-2,NOL,CANDON CITY-NATIONAL. HI-WAY,24
2003,2234,PSQ,NOL 2,ILOCOS NORTE-PASUQUIN,17008-005-7,17008-005-7,NOL,ILOCOS NORTE-PASUQUIN,24
2005,2236,VGN,NOL 2,VIGAN CITY MARKET,32008-005-6,32008-005-6,NOL,VIGAN CITY MARKET,24
2007,2252,BTK,NOL 1,MOUNTAIN PROVINCE-BONTOC,01008-986-2,01008-986-2,NOL,MOUNTAIN PROVINCE-BONTOC,23
2009,2254,CBP,NOL 8,CABANATUAN-MAHARLIKA,13008-014-9,13008-014-9,NOL,CABANATUAN-MAHARLIKA,30
2010,2255,GPN,NOL 8,NUEVA ECIJA-GAPAN-SAN VICENTE,13008-003-9,13008-003-9,NOL,NUEVA ECIJA-GAPAN-SAN VICENTE,30
2011,2256,GPP,NOL 8,NUEVA ECIJA-GAPAN-POBLACION,13008-015-2,13008-015-2,NOL,NUEVA ECIJA-GAPAN-POBLACION,30
2012,2257,GMB,NOL 8,NUEVA ECIJA-GUIMBA,13008-004-2,13008-004-2,NOL,NUEVA ECIJA-GUIMBA,30
2015,2260,SJE,NOL 8,NUEVA ECIJA-SAN JOSE,13008-002-6,13008-002-6,NOL,NUEVA ECIJA-SAN JOSE,30
2017,2262,SLN,NOL 3,ISABELA-ALICIA,26008-012-9,26008-012-9,NOL,ISABELA-ALICIA,25
2018,2263,SOL,NOL 3,NUEVA VIZCAYA-SOLANO,26008-011-6,26008-011-6,NOL,NUEVA VIZCAYA-SOLANO,25
2019,2264,NES,NOL 8,NUEVA ECIJA-STA. ROSA,13008-020-4,13008-020-4,NOL,NUEVA ECIJA-STA. ROSA,30
2021,2277,BSC,NOL 2,BATANES-BASCO,01008-984-6,01008-984-6,NOL,BATANES-BASCO,24
2024,2280,CIL,NOL 3,ISABELA-CENTRO ILAGAN,26008-006-4,26008-006-4,NOL,ISABELA-CENTRO ILAGAN,25
2026,2282,MLP,NOL 3,ISABELA-ROXAS,26008-005-1,26008-005-1,NOL,ISABELA-ROXAS,25
2033,2289,TUG,NOL 3,CAGAYAN-TUGUEGARAO-BRICKSTONE MALL,23008-006-5,23008-006-5,NOL,CAGAYAN-TUGUEGARAO-BRICKSTONE MALL,25
2036,2403,BKM,SOL 1,BATANGAS CITY-KUMINTANG,19008-009-5,19008-009-5,SOL,BATANGAS CITY-KUMINTANG,31
2037,2404,BAT,SOL 1,BATANGAS CITY-PALLOCAN WEST,19008-006-6,19008-006-6,SOL,BATANGAS CITY-PALLOCAN WEST,31
2039,2406,CPN,SOL 7,OR. MINDORO-CALAPAN,38008-001-2,38008-001-2,SOL,OR. MINDORO-CALAPAN,37
2041,2408,LPA,SOL 1,LIPA CITY-B. MORADA,19008-002-4,19008-002-4,SOL,LIPA CITY-B. MORADA,31
2043,2410,MBU,SOL 7,OCC. MINDORO-MAMBURAO,01008-990-1,01008-990-1,SOL,OCC. MINDORO-MAMBURAO,37
2044,2411,MGR,SOL 7,OCC. MINDORO-SAN JOSE,73008-001-5,73008-001-5,SOL,OCC. MINDORO-SAN JOSE,37
2046,2413,ODN,SOL 7,ROMBLON-ODIONGAN,01008-993-0,01008-993-0,SOL,ROMBLON-ODIONGAN,37
2048,2415,RMB,SOL 7,ROMBLON-REPUBLIKA,01008-995-6,01008-995-6,SOL,ROMBLON-REPUBLIKA,37
2050,2427,BRP,SOL 2,BACOOR CITY-PANAPAAN,41008-007-6,41008-007-6,SOL,BACOOR CITY-PANAPAAN,32
2051,2428,CVC,SOL 2,CAVITE CITY-CARIDAD,41008-001-8,41008-001-8,SOL,CAVITE CITY-CARIDAD,32
2057,2434,IMU,SOL 2,CAVITE-IMUS-AGUINALDO,41008-011-5,41008-011-5,SOL,CAVITE-IMUS-AGUINALDO,32
2058,2435,KWT,SOL 2,CAVITE-KAWIT-BINAKAYAN,41008-009-2,41008-009-2,SOL,CAVITE-KAWIT-BINAKAYAN,32
2064,2441,TNZ,SOL 2,CAVITE-TANZA,41008-014-4,41008-014-4,SOL,CAVITE-TANZA,32
2067,2453,CBY,SOL 3,LAGUNA-CABUYAO-ABI,31008-011-8,31008-011-8,SOL,LAGUNA-CABUYAO-ABI,33
2070,2456,BUC,SOL 3,LAGUNA-CALAMBA-BUCAL,31008-008-2,31008-008-2,SOL,LAGUNA-CALAMBA-BUCAL,33
2073,2459,PSR,SOL 3,LAGUNA-PASEO DE SANTA ROSA,31008-019-2,31008-019-2,SOL,LAGUNA-PASEO DE SANTA ROSA,33
2076,2462,STR,SOL 3,LAGUNA-STA. ROSA,31008-009-5,31008-009-5,SOL,LAGUNA-STA. ROSA,33
2077,2463,LSR,SOL 3,LAGUNA-CABUYAO-CENTRO MALL,31008-015-0,31008-015-0,SOL,LAGUNA-CABUYAO-CENTRO MALL,33
2081,2476,AMN,SOL 4,QUEZON-ATIMONAN,14008-002-9,14008-002-9,SOL,QUEZON-ATIMONAN,34
2083,2478,CND,SOL 4,QUEZON-CANDELARIA,14008-006-1,14008-006-1,SOL,QUEZON-CANDELARIA,34
2088,2483,MLK,SOL 4,MARINDUQUE-STA. CRUZ,01008-998-5,01008-998-5,SOL,MARINDUQUE-STA. CRUZ,34
2089,2484,SNP,SOL 3,LAGUNA-SAN PABLO CITY COLAGO,31008-010-5,31008-010-5,SOL,LAGUNA-SAN PABLO CITY COLAGO,33
2090,2485,SPB,SOL 3,LAGUNA-SAN PABLO CITY,31008-001-1,31008-001-1,SOL,LAGUNA-SAN PABLO CITY,33
2092,2487,STC,SOL 4,LAGUNA-STA. CRUZ-P. GUEVARRA,31008-004-0,31008-004-0,SOL,LAGUNA-STA. CRUZ-P. GUEVARRA,34
2093,2488,SCL,SOL 4,LAGUNA-STA. CRUZ-REGIDOR,31008-013-4,31008-013-4,SOL,LAGUNA-STA. CRUZ-REGIDOR,34
2094,2489,TNU,SOL 1,BATANGAS-TANAUAN,19008-011-8,19008-011-8,SOL,BATANGAS-TANAUAN,31
2095,2501,DET,SOL 5,CAMARINES NORTE-DAET-CARLOS II,36008-001-6,36008-001-6,SOL,CAMARINES NORTE-DAET-CARLOS II,35
2097,2503,GOA,SOL 5,CAMARINES SUR-GOA,07008-003-4,07008-003-4,SOL,CAMARINES SUR-GOA,35
2098,2504,IRG,SOL 5,IRIGA CITY-SAN ROQUE,07008-001-8,07008-001-8,SOL,IRIGA CITY-SAN ROQUE,35
2100,2506,NGA,SOL 5,NAGA CITY-GEN. LUNA,07008-002-1,07008-002-1,SOL,NAGA CITY-GEN. LUNA,35
2101,2507,NAX,SOL 5,NAGA CITY-MAGSAYSAY AVE.,07008-005-0,07008-005-0,SOL,NAGA CITY-MAGSAYSAY AVE.,35
2102,2508,NAG,SOL 5,NAGA CITY-PANGANIBAN,07008-006-3,07008-006-3,SOL,NAGA CITY-PANGANIBAN,35
2103,2509,PLI,SOL 5,CAMARINES SUR-PILI,07008-004-7,07008-004-7,SOL,CAMARINES SUR-PILI,35
2104,2510,PLG,SOL 5,ALBAY-POLANGUI,16008-004-1,16008-004-1,SOL,ALBAY-POLANGUI,35
2110,2531,MBT,SOL 6,MASBATE CITY,37008-001-9,37008-001-9,SOL,MASBATE CITY,36
2112,2533,SSG,SOL 6,SORSOGON CITY-MAGSAYSAY,16008-011-9,16008-011-9,SOL,SORSOGON CITY-MAGSAYSAY,36
2113,2534,TBC,SOL 6,ALBAY-TABACO,16008-002-5,16008-002-5,SOL,ALBAY-TABACO,36
2114,2535,VRC,SOL 6,CATANDUANES-VIRAC,01008-997-2,01008-997-2,SOL,CATANDUANES-VIRAC,36
2115,3001,BNL,VISAYAS 1,CEBU-BANILAD-MA. LUISA PARK,02008-009-7,02008-009-7,VISAYAS,CEBU-BANILAD-MA. LUISA PARK,38
2118,3004,CLN,VISAYAS 1,CEBU-COLON,02008-017-8,02008-017-8,VISAYAS,CEBU-COLON,38
2119,3005,FTO,VISAYAS 1,CEBU-FUENTE OSMEÑA,02008-002-6,02008-002-6,VISAYAS,CEBU-FUENTE OSMEÑA,38
2123,3009,LHG,VISAYAS1,CEBU-LAHUG to 3006,,,VISAYAS,CEBU-LAHUG to 3006,0
2126,3012,UCB,VISAYAS 1,CEBU UPTOWN,02008-005-5,02008-005-5,VISAYAS,CEBU UPTOWN,38
2128,3027,BAA,VISAYAS 2,CEBU-BANTAYAN,02008-033-0,02008-033-0,VISAYAS,CEBU-BANTAYAN,39
2132,3031,DAN,VISAYAS 2,CEBU-DANAO,02008-022-0,02008-022-0,VISAYAS,CEBU-DANAO,39
2133,3032,LPL,VISAYAS 2,CEBU-LAPU-LAPU-PAJO,02008-006-8,02008-006-8,VISAYAS,CEBU-LAPU-LAPU-PAJO,39
2138,3038,MSN,VISAYAS 2,CEBU-MANDAUE-NORTH ROAD,02008-034-3,02008-034-3,VISAYAS,CEBU-MANDAUE-NORTH ROAD,39
2139,3039,PSO,VISAYAS 2,CEBU-LAPU-LAPU-PUSOK,02008-026-2,02008-026-2,VISAYAS,CEBU-LAPU-LAPU-PUSOK,39
2141,3041,LCM,VISAYAS 2,CEBU-MACTAN INTL AIRPORT to 3037,02008-037-2,02008-037-2,VISAYAS,CEBU-MACTAN INTL AIRPORT to 3037,39
2142,3042,LMB,VISAYAS 2,CEBU-LAPU-LAPU-MARIBAGO,02008-011-0,02008-011-0,VISAYAS,CEBU-LAPU-LAPU-MARIBAGO,39
2143,3051,CBN,VISAYAS 3,CEBU-CARBON,02008-016-5,02008-016-5,VISAYAS,CEBU-CARBON,40
2145,3053,IMT,VISAYAS 3,TAGBILARAN-ISLAND CITY MALL,33008-004-6,33008-004-6,VISAYAS,TAGBILARAN-ISLAND CITY MALL,40
2148,3056,TBN,VISAYAS 3,CEBU-TABUNOK NAT'L. HI-WAY,02008-010-7,02008-010-7,VISAYAS,CEBU-TABUNOK NAT'L. HI-WAY,40
2151,3059,TGN,VISAYAS 3,TAGBILARAN-ALTURAS MALL,33008-003-3,33008-003-3,VISAYAS,TAGBILARAN-ALTURAS MALL,40
2154,3062,UBB,VISAYAS 3,BOHOL-UBAY,33008-005-9,33008-005-9,VISAYAS,BOHOL-UBAY,40
2157,3076,AML,VISAYAS 4,BACOLOD-EAST-BURGOS,04008-002-2,04008-002-2,VISAYAS,BACOLOD-EAST-BURGOS,41
2159,3078,KBK,VISAYAS 4,BACOLOD-HILADO,04008-012-9,04008-012-9,VISAYAS,BACOLOD-HILADO,41
2160,3079,BAR,VISAYAS 4,BACOLOD-ARANETA,04008-009-3,04008-009-3,VISAYAS,BACOLOD-ARANETA,41
2163,3082,BAI,VISAYAS 5,NEGROS OR.-BAIS CITY,20008-002-4,20008-002-4,VISAYAS,NEGROS OR.-BAIS CITY,42
2170,3089,GHL,VISAYAS 5,NEGROS OR.-GUIHULNGAN,01008-987-5,01008-987-5,VISAYAS,NEGROS OR.-GUIHULNGAN,42
2172,3091,LCR,VISAYAS 4,NEGROS OCC.-LA CARLOTA CITY,04008-005-1,04008-005-1,VISAYAS,NEGROS OCC.-LA CARLOTA CITY,41
2177,3096,TJY,VISAYAS 5,NEGROS OR.-TANJAY,20008-004-0,20008-004-0,VISAYAS,NEGROS OR.-TANJAY,42
2180,3102,BRY,VISAYAS 7,BORACAY-STATION 2,29008-003-4,29008-003-4,VISAYAS,BORACAY-STATION 2,44
2181,3103,DLN,VISAYAS 6,ILOILO-DIVERSION ROAD,08008-002-4,08008-002-4,VISAYAS,ILOILO-DIVERSION ROAD,43
2184,3106,GLI,VISAYAS 6,ILOILO-GEN. LUNA,08008-011-8,08008-011-8,VISAYAS,ILOILO-GEN. LUNA,43
2185,3107,JRO,VISAYAS 7,ILOILO-JARO,08008-004-0,08008-004-0,VISAYAS,ILOILO-JARO,44
2186,3108,JAR,VISAYAS 7,ILOILO-JARO HECHANOVA,08008-010-5,08008-010-5,VISAYAS,ILOILO-JARO HECHANOVA,44
2187,3109,KLB,VISAYAS 7,AKLAN-KALIBO-PASTRANA,29008-001-8,29008-001-8,VISAYAS,AKLAN-KALIBO-PASTRANA,44
2189,3111,LPZ,VISAYAS 6,ILOILO-LA PAZ,08008-005-3,08008-005-3,VISAYAS,ILOILO-LA PAZ,43
2192,3114,PSI,VISAYAS 7,ILOILO-PASSI CITY,08008-007-9,08008-007-9,VISAYAS,ILOILO-PASSI CITY,44
2193,3115,PLB,VISAYAS 6,ILOILO-PLAZA LIBERTAD,08008-003-7,08008-003-7,VISAYAS,ILOILO-PLAZA LIBERTAD,43
2194,3116,POT,VISAYAS 7,ILOILO-POTOTAN,08008-012-1,08008-012-1,VISAYAS,ILOILO-POTOTAN,44
2196,3118,ROX,VISAYAS 7,CAPIZ ROXAS DOWNTOWN,34008-002-3,34008-002-3,VISAYAS,CAPIZ ROXAS DOWNTOWN,44
2204,3131,CTB,VISAYAS 3,CEBU-MOALBOAL,02008-035-6,02008-035-6,VISAYAS,CEBU-MOALBOAL,40
2205,3132,CTG,VISAYAS 8,SAMAR-CATBALOGAN CITY,67008-001-0,67008-001-0,VISAYAS,SAMAR-CATBALOGAN CITY,45
2208,3135,MAS,VISAYAS 8,SOUTHERN LEYTE-MAASIN CITY,64008-001-1,64008-001-1,VISAYAS,SOUTHERN LEYTE-MAASIN CITY,45
2210,3137,ORM,VISAYAS 8,LEYTE-ORMOC CITY-BONIFACIO,39008-001-5,39008-001-5,VISAYAS,LEYTE-ORMOC CITY-BONIFACIO,45
2212,3139,PLP,VISAYAS 8,LEYTE-PALOMPON,01008-994-3,01008-994-3,VISAYAS,LEYTE-PALOMPON,45
2213,3140,TCN,VISAYAS 8,TACLOBAN CITY-JUSTICE ROMUALDEZ,11008-001-7,11008-001-7,VISAYAS,TACLOBAN CITY-JUSTICE ROMUALDEZ,45
2215,3142,LHI,VISAYAS 8,SOUTHERN LEYTE-HINUNANGAN,65008-004-3,65008-004-3,VISAYAS,SOUTHERN LEYTE-HINUNANGAN,45
2218,4002,BNG,MINDANAO 1,DAVAO-BANGOY,03008-008-7,03008-008-7,MINDANAO,DAVAO-BANGOY,46
2220,4004,BSG,MINDANAO 4,SURIGAO DEL SUR-BISLIG CITY,58008-001-6,58008-001-6,MINDANAO,SURIGAO DEL SUR-BISLIG CITY,49
2225,4009,SAD,MINDANAO 2,DAVAO-STA. ANA,03008-011-3,03008-011-3,MINDANAO,DAVAO-STA. ANA,47
2227,4011,PBO,MINDANAO 2,DAVAO DEL NORTE-PANABO,03008-022-3,03008-022-3,MINDANAO,DAVAO DEL NORTE-PANABO,47
2232,4016,DJP,MINDANAO 1,DAVAO-J.P. LAUREL AVE.,03008-025-2,03008-025-2,MINDANAO,DAVAO-J.P. LAUREL AVE.,46
2233,4017,DVP,MINDANAO 1,DAVAO-VICTORIA PLAZA,03008-027-8,03008-027-8,MINDANAO,DAVAO-VICTORIA PLAZA,46
2234,4018,LDS,MINDANAO 2,DAVAO-SAMAL ISLAND,03008-028-1,03008-028-1,MINDANAO,DAVAO-SAMAL ISLAND,47
2238,4029,BTN,MINDANAO 4,BUTUAN CITY-J.C. AQUINO,30008-002-1,30008-002-1,MINDANAO,BUTUAN CITY-J.C. AQUINO,49
2243,4034,SWN,MINDANAO 4,SURIGAO CITY-SAN NICOLAS,21008-002-7,21008-002-7,MINDANAO,SURIGAO CITY-SAN NICOLAS,49
2245,4036,SID,MINDANAO 4,SIARGAO ISLAND-DAPA,21008-004-3,21008-004-3,MINDANAO,SIARGAO ISLAND-DAPA,49
2249,4054,GNS,MINDANAO 3,GENERAL SANTOS-P. ACHARON,24008-003-9,24008-003-9,MINDANAO,GENERAL SANTOS-P. ACHARON,48
2250,4055,GSN,MINDANAO 3,GENERAL SANTOS-CITY HALL DRIVE,24008-001-3,24008-001-3,MINDANAO,GENERAL SANTOS-CITY HALL DRIVE,48
2256,4061,MYP,MINDANAO 3,NORTH COTABATO-MIDSAYAP,53008-001-1,53008-001-1,MINDANAO,NORTH COTABATO-MIDSAYAP,48
2258,4063,TRG,MINDANAO 3,SULTAN KUDARAT-TACURONG,74008-002-1,74008-002-1,MINDANAO,SULTAN KUDARAT-TACURONG,48
2262,4079,AGD,MINDANAO 2,DAVAO-AGDAO,03008-016-8,03008-016-8,MINDANAO,DAVAO-AGDAO,47
2263,4080,MTV,MINDANAO 2,DAVAO-MONTEVERDE CHINATOWN,03008-019-7,03008-019-7,MINDANAO,DAVAO-MONTEVERDE CHINATOWN,47
2266,4083,DGS,MINDANAO 1,DAVAO DEL SUR-DIGOS,03008-009-0,03008-009-0,MINDANAO,DAVAO DEL SUR-DIGOS,46
2268,4085,DTR,MINDANAO 1,DAVAO-TORIL,03008-005-8,03008-005-8,MINDANAO,DAVAO-TORIL,46
2269,4086,MTN,MINDANAO 1,DAVAO-MATINA-GSIS,03008-010-0,03008-010-0,MINDANAO,DAVAO-MATINA-GSIS,46
2272,4102,LPN,MINDANAO 5,CDO-LAPASAN HIGHWAY,10008-006-9,10008-006-9,MINDANAO,CDO-LAPASAN HIGHWAY,50
2273,4103,CCP,MINDANAO 5,CDO-TIANO,10008-007-2,10008-007-2,MINDANAO,CDO-TIANO,50
2274,4104,CRM,MINDANAO 5,CDO-CARMEN,10008-003-0,10008-003-0,MINDANAO,CDO-CARMEN,50
2277,4107,ILG,MINDANAO 5,ILIGAN CITY-QUEZON,18008-004-7,18008-004-7,MINDANAO,ILIGAN CITY-QUEZON,50
2280,4110,MBL,MINDANAO 5,MALAYBALAY CITY-RIZAL,52008-001-8,52008-001-8,MINDANAO,MALAYBALAY CITY-RIZAL,50
2281,4111,MBY,MINDANAO 5,MALAYBALAY CITY-FORTICH,52008-002-1,52008-002-1,MINDANAO,MALAYBALAY CITY-FORTICH,50
2282,4112,MRW,MINDANAO 5,MARAWI CITY-MSU CAMPUS,18008-003-4,18008-003-4,MINDANAO,MARAWI CITY-MSU CAMPUS,50
2283,4114,PLO,MINDANAO 5,ILIGAN CITY-PALA-O,18008-002-1,18008-002-1,MINDANAO,ILIGAN CITY-PALA-O,50
2286,4126,BUG,MINDANAO 6,ZAMBOANGA SIBUGAY-BUUG,61008-001-2,61008-001-2,MINDANAO,ZAMBOANGA SIBUGAY-BUUG,48
2287,4127,DPL,MINDANAO 6,DIPOLOG CITY-GEN. LUNA,50008-001-2,50008-001-2,MINDANAO,DIPOLOG CITY-GEN. LUNA,48
2290,4130,LLY,MINDANAO 6,ZAMBOANGA DEL NORTE-LILOY,60008-001-9,60008-001-9,MINDANAO,ZAMBOANGA DEL NORTE-LILOY,48
2291,4131,MRD,MINDANAO 6,LANAO DEL NORTE-MARANDING,25008-004-5,25008-004-5,MINDANAO,LANAO DEL NORTE-MARANDING,48
2297,4137,PGN,MINDANAO 6,PAGADIAN CITY-RIZAL AVE.,72008-001-2,72008-001-2,MINDANAO,PAGADIAN CITY-RIZAL AVE.,48
2298,4138,SDN,MINDANAO 6,ZAMBOANGA DEL NORTE-SINDANGAN,01008-996-9,01008-996-9,MINDANAO,ZAMBOANGA DEL NORTE-SINDANGAN,48
2299,4139,LPG,MINDANAO 6,PAGADIAN CITY-GAISANO CAPITAL to 4137,72008-003-8,72008-003-8,MINDANAO,PAGADIAN CITY-GAISANO CAPITAL to 4137,48
2301,4152,BSL,MINDANAO 7,BASILAN-ISABELA-STRONG BLVD.,62008-001-5,62008-001-5,MINDANAO,BASILAN-ISABELA-STRONG BLVD.,51
2302,4153,CLM,MINDANAO 7,ZAMBOANGA-CLIMACO,09008-003-0,09008-003-0,MINDANAO,ZAMBOANGA-CLIMACO,51
2305,4156,SBN,MINDANAO 7,ZAMBOANGA-SUCABON,09008-005-6,09008-005-6,MINDANAO,ZAMBOANGA-SUCABON,51
2308,4159,ZBG,MINDANAO 7,ZAMBOANGA-J.S. ALANO,09008-001-4,09008-001-4,MINDANAO,ZAMBOANGA-J.S. ALANO,51
2309,4160,CNZ,MINDANAO 7,ZAMBOANGA-CANELAR,09008-006-9,09008-006-9,MINDANAO,ZAMBOANGA-CANELAR,51
2310,4161,GWN,MINDANAO 7,ZAMBOANGA-KCC MALL,09008-009-8,09008-009-8,MINDANAO,ZAMBOANGA-KCC MALL,51
2311,4162,AVZ,MINDANAO 7,ZAMBOANGA-MCLL HIGHWAY,09008-007-2,09008-007-2,MINDANAO,ZAMBOANGA-MCLL HIGHWAY,51
2312,4163,ZAM,MINDANAO 7,ZAMBOANGA-SAN JOSE,09008-004-3,09008-004-3,MINDANAO,ZAMBOANGA-SAN JOSE,51
2315,6117,HND,HEADOFFICE,SB - LOANS DIVISION,01008-980-4,01008-980-4,HEADOFFICE,SB - LOANS DIVISION,1
2316,6117,RVH,HEADOFFICE,SB - LOANS DIVISION,01008-980-4,01008-980-4,HEADOFFICE,SB - LOANS DIVISION,1
2319,6302,PIN,SOL 7,OR. MINDORO-PINAMALAYAN MALVAR,38008-004-1,38008-004-1,SOL,OR. MINDORO-PINAMALAYAN MALVAR,37
2321,6304,GBC,NOL 4,BULACAN-GUIGUINTO,13008-025-9,13008-025-9,NOL,BULACAN-GUIGUINTO,26
2322,6305,BOO,SOL 7,OR. MINDORO-BONGABONG,38008-005-4,38008-005-4,SOL,OR. MINDORO-BONGABONG,37
2324,6307,BAB,SOL 1,BATANGAS-BAUAN MARKET to 2405,19008-014-7,19008-014-7,SOL,BATANGAS-BAUAN MARKET to 2405,31
2325,6308,CBL,SOL 3,LAGUNA-CALAMBA-NATIONAL HIGHWAY to 2454,31008-020-2,31008-020-2,SOL,LAGUNA-CALAMBA-NATIONAL HIGHWAY to 2454,33
2326,6309,MAB,SOL 1,BATANGAS-MABINI,19008-013-4,19008-013-4,SOL,BATANGAS-MABINI,31
2327,6310,ODI,SOL 7,ROMBLON-ODIONGAN LIWAYWAY to 2413,01008-982-0,01008-982-0,SOL,ROMBLON-ODIONGAN LIWAYWAY to 2413,37
2329,6312,LIM,NOL 6,BATAAN-LIMAY to 6322,06008-021-9,06008-021-9,NOL,BATAAN-LIMAY to 6322,28
2331,6314,PGR,SOL 7,OR. MINDORO-PUERTO GALERA,38008-007-0,38008-007-0,SOL,OR. MINDORO-PUERTO GALERA,37
2332,6315,CUB,NMM-1,Q.C.-CUBAO SAN ROQUE to 1279,01008-288-5,01008-288-5,NMMR,Q.C.-CUBAO SAN ROQUE to 1279,2
2334,6318,SIL,SOL 2,CAVITE-SILANG-OLD BULIHAN to 2438,41008-019-9,41008-019-9,SOL,CAVITE-SILANG-OLD BULIHAN to 2438,32
2336,6320,COR,VISAYAS 1,PALAWAN-CORON,78008-001-0,78008-001-0,VISAYAS,PALAWAN-CORON,38
2340,6324,INF,SOL 4,QUEZON-INFANTA,31008-021-5,31008-021-5,SOL,QUEZON-INFANTA,34
2345,6329,SPA,SOL 3,LAGUNA-SAN PEDRO-CATAQUIZ to 2460,31008-022-8,31008-022-8,SOL,LAGUNA-SAN PEDRO-CATAQUIZ to 2460,33
2347,6331,LPP,SMM-8,LAS PIÑAS-PAMPLONA RCS ARCADE,01008-292-4,01008-292-4,SMMR,LAS PIÑAS-PAMPLONA RCS ARCADE,22
2348,6332,SNF,NOL 5,SAN FERNANDO-MAIMPIS to 2037,06008-020-6,06008-020-6,NOL,SAN FERNANDO-MAIMPIS to 2037,27
2349,6333,LUC,SOL 4,LUCENA CITY-RED V,14008-007-4,14008-007-4,SOL,LUCENA CITY-RED V,34
2350,6334,LPB,SOL 1,LIPA CITY-TAMBO to 2409,19008-016-3,19008-016-3,SOL,LIPA CITY-TAMBO to 2409,31
2351,6335,VVC,NMM-1,VALENZUELA-MACARTHUR-MARULAS,01008-293-7,01008-293-7,NMMR,VALENZUELA-MACARTHUR-MARULAS,2
2353,6337,DAS,SOL 2,DASMARINAS-BUROL MAIN to 2429,41008-020-9,41008-020-9,SOL,DASMARINAS-BUROL MAIN to 2429,32
2354,6338,NCS,SOL 5,NAGA CITY-DIVERSION ROAD to 2506,07008-007-6,07008-007-6,SOL,NAGA CITY-DIVERSION ROAD to 2506,35
2358,6342,BTM,SOL 1,BATANGAS-MALVAR,19008-017-6,19008-017-6,SOL,BATANGAS-MALVAR,31
2359,6343,ANT,NMM-5,ANTIPOLO-SUMULONG MEM. CIRCLE to 1303,01008-295-3,01008-295-3,NMMR,ANTIPOLO-SUMULONG MEM. CIRCLE to 1303,6
2363,6347,PAT,SMM-7,PATEROS-ALMEDA,01008-297-9,01008-297-9,SMMR,PATEROS-ALMEDA,21
2364,6348,BGT,SMM-6,BGC-10TH AVENUE,01008-298-2,01008-298-2,SMMR,BGC-10TH AVENUE,20
2365,6349,ROS,SOL 1,BATANGAS-ROSARIO,19008-018-9,19008-018-9,SOL,BATANGAS-ROSARIO,31
2366,6350,SCA,SOL 4,LAGUNA-STA. CRUZ-ALFONSO to 2487,31008-024-4,31008-024-4,SOL,LAGUNA-STA. CRUZ-ALFONSO to 2487,34
2367,6351,DMA,MINDANAO 1,DAVAO-MA-A to 4087,03008-029-4,03008-029-4,MINDANAO,DAVAO-MA-A to 4087,46
2369,6353,MLM,CMM-1,MALABON-PANGHULO to 1005,01008-300-4,01008-300-4,CMMR,MALABON-PANGHULO to 1005,9
2370,6354,CLS,NOL 7,PANGASINAN-CALASIAO,05008-014-8,05008-014-8,NOL,PANGASINAN-CALASIAO,29
2379,6363,ONG,SMM-1,MANILA-ONGPIN,01008-304-6,01008-304-6,SMMR,MANILA-ONGPIN,15
2381,6365,TBA,VISAYAS 3,CEBU-TABOAN to 3051,02008-038-5,02008-038-5,VISAYAS,CEBU-TABOAN to 3051,40
2382,6366,STB,SOL 1,BATANGAS-STO. TOMAS MARKET,19008-019-2,19008-019-2,SOL,BATANGAS-STO. TOMAS MARKET,31
2383,6367,MDE,VISAYAS 2,CEBU-MANDAUE-CASUNTINGAN,02008-039-8,02008-039-8,VISAYAS,CEBU-MANDAUE-CASUNTINGAN,39
2388,8009,HZG,HEAD OFFICE,GREENHILLS LOANS & SERVICE CENTER,00008-800-9,00008-800-9,HEAD OFFICE,GREENHILLS LOANS & SERVICE CENTER,1
2390,8011,HZD,HEAD OFFICE,NORTH LUZON 2 (DAGUPAN) LOANS SRVC CTR,00008-801-1,00008-801-1,HEAD OFFICE,NORTH LUZON 2 (DAGUPAN) LOANS SRVC CTR,1
2391,8012,HZC,HEAD OFFICE,CAGAYAN VALLEY (CAUAYAN) LOANS SRVC CTR,00008-801-2,00008-801-2,HEAD OFFICE,CAGAYAN VALLEY (CAUAYAN) LOANS SRVC CTR,1
2392,8013,HZU,HEAD OFFICE,CENTRAL LUZ 1 (CABANATUAN)LOANS SRVC CTR,00008-801-3,00008-801-3,HEAD OFFICE,CENTRAL LUZ 1 (CABANATUAN)LOANS SRVC CTR,1
2393,8014,HZI,HEAD OFFICE,CENTRAL LUZON 2 (ANGELES) LOANS SRVC CTR,00008-801-4,00008-801-4,HEAD OFFICE,CENTRAL LUZON 2 (ANGELES) LOANS SRVC CTR,1
2394,8015,HZP,HEAD OFFICE,PAMPANGA LOANS SERVICE CENTER,00008-801-5,00008-801-5,HEAD OFFICE,PAMPANGA LOANS SERVICE CENTER,1
2396,8017,HZS,HEAD OFFICE,SOUTH LUZON 2 (SAN PABLO) LOANS SRVC CTR,00008-801-7,00008-801-7,HEAD OFFICE,SOUTH LUZON 2 (SAN PABLO) LOANS SRVC CTR,1
2397,8018,HZQ,HEAD OFFICE,BICOL LOANS SERVICE CENTER,00008-801-8,00008-801-8,HEAD OFFICE,BICOL LOANS SERVICE CENTER,1
2398,8019,HZH,HEAD OFFICE,CONSUMER LOANS & OPERATIONS DEPT(ADMIN),00008-801-9,00008-801-9,HEAD OFFICE,CONSUMER LOANS & OPERATIONS DEPT(ADMIN),1
2400,8021,HZT,HEAD OFFICE,SAMAR - LEYTE LOANS SERVICE CENTER,00008-802-1,00008-802-1,HEAD OFFICE,SAMAR - LEYTE LOANS SERVICE CENTER,1
2401,8022,HZY,HEAD OFFICE,PANAY LOANS SERVICE CENTER,00008-802-2,00008-802-2,HEAD OFFICE,PANAY LOANS SERVICE CENTER,1
2402,8023,HZN,HEAD OFFICE,NEGROS LOANS SERVICE CENTER,00008-802-3,00008-802-3,HEAD OFFICE,NEGROS LOANS SERVICE CENTER,1
2403,8024,HZV,HEAD OFFICE,DAVAO LOANS SERVICE CENTER,00008-802-4,00008-802-4,HEAD OFFICE,DAVAO LOANS SERVICE CENTER,1
2404,8025,HZO,HEAD OFFICE,NO MINDANAO(CAGAYAN DEORO)LOANS SRVC CTR,00008-802-5,00008-802-5,HEAD OFFICE,NO MINDANAO(CAGAYAN DEORO)LOANS SRVC CTR,1
2406,8027,HZW,HEAD OFFICE,WEST MINDANAO (ZAMBOANGA) LOANS SRVC CTR,00008-802-7,00008-802-7,HEAD OFFICE,WEST MINDANAO (ZAMBOANGA) LOANS SRVC CTR,1
2407,8028,HLD,HEAD OFFICE,CORPORATE LOANS OPERATIONS DEPT(ADMIN),00008-802-8,00008-802-8,HEAD OFFICE,CORPORATE LOANS OPERATIONS DEPT(ADMIN),1
1610,0000,,,,,,,,0
1611,0000,,,,,,,,0
1612,0000,,,,,,,,0
1613,0050,HOK,HEADOFFICE,CLEARING OPERATIONS CENTER,01008-999-8,01008-999-8,HEADOFFICE,CLEARING OPERATIONS CENTER,1
1614,0218,HML,HEAD OFFICE,CONSUMER & SME LOANS DEPARTMENT,00008-021-8,00008-021-8,HEAD OFFICE,CONSUMER & SME LOANS DEPARTMENT,1
1615,0272,HKE,HEAD OFFICE,REAL ESTATE LOANS,00008-027-2,00008-027-2,HEAD OFFICE,REAL ESTATE LOANS,1
1616,0275,HKM,HEAD OFFICE,MOTOR VEHICLE LOANS,00008-027-5,00008-027-5,HEAD OFFICE,MOTOR VEHICLE LOANS,1
1617,0425,HGZ,HEAD OFFICE,LOANS REVIEW DEPARTMENT,00008-042-5,00008-042-5,HEAD OFFICE,LOANS REVIEW DEPARTMENT,1
1618,0549,HOT,HEADOFFICE,TRANSACTION BANKING CENTER,01008-977-8,01008-977-8,HEADOFFICE,TRANSACTION BANKING CENTER,1
1619,0555,HUM,HEADOFFICE,CSMC TRANSACTION SERVICING SECTION,01008-978-1,01008-978-1,HEADOFFICE,CSMC TRANSACTION SERVICING SECTION,1
1620,0555,HUM,HEADOFFICE,CSMC TRANSACTION SERVICING SECTION,00008-055-5,00008-055-5,HEADOFFICE,CSMC TRANSACTION SERVICING SECTION,1
1621,0556,HMU,CASH CENTER,MANILA CASH CENTER,00008-055-6,00008-055-6,CASH CENTER,MANILA CASH CENTER,52
1622,0557,HYU,CASH CENTER,MANDALUYONG CASH CENTER,00008-055-7,00008-055-7,CASH CENTER,MANDALUYONG CASH CENTER,52
1623,0560,HUA,CASH CENTER,ANGELES CASH CENTER,00008-056-0,00008-056-0,CASH CENTER,ANGELES CASH CENTER,52
1624,0561,HUC,CASH CENTER,CEBU CASH CENTER,00008-056-1,00008-056-1,CASH CENTER,CEBU CASH CENTER,52
1625,0562,HUD,CASH CENTER,DAVAO CASH CENTER,00008-056-2,00008-056-2,CASH CENTER,DAVAO CASH CENTER,52
1626,0563,HID,CASH CENTER,ILOILO CASH CENTER,00008-056-3,00008-056-3,CASH CENTER,ILOILO CASH CENTER,52
1627,0566,HUB,CASH CENTER,BACOOR CASH CENTER,00008-056-6,00008-056-6,CASH CENTER,BACOOR CASH CENTER,52
1628,0567,HPU,CASH CENTER,DAGUPAN CASH CENTER,00008-056-7,00008-056-7,CASH CENTER,DAGUPAN CASH CENTER,52
1629,0568,HUU,CASH CENTER,LA UNION CASH CENTER,00008-056-8,00008-056-8,CASH CENTER,LA UNION CASH CENTER,52
1630,0569,HUI,CASH CENTER,LAOAG CASH CENTER,00008-056-9,00008-056-9,CASH CENTER,LAOAG CASH CENTER,52
1631,0570,HUT,CASH CENTER,CABANATUAN CASH CENTER,00008-057-0,00008-057-0,CASH CENTER,CABANATUAN CASH CENTER,52
1632,0571,HUY,CASH CENTER,CAUAYAN CASH CENTER,00008-057-1,00008-057-1,CASH CENTER,CAUAYAN CASH CENTER,52
1633,0572,HUS,CASH CENTER,SANTIAGO CASH CENTER,00008-057-2,00008-057-2,CASH CENTER,SANTIAGO CASH CENTER,52
1634,0573,HTU,CASH CENTER,TUGUEGARAO CASH CENTER,00008-057-3,00008-057-3,CASH CENTER,TUGUEGARAO CASH CENTER,52
1635,0574,HUN,CASH CENTER,CALAMBA CASH CENTER,00008-057-4,00008-057-4,CASH CENTER,CALAMBA CASH CENTER,52
1636,0575,HBT,CASH CENTER,BATANGAS CASH CENTER,00008-057-5,00008-057-5,CASH CENTER,BATANGAS CASH CENTER,52
1637,0576,HUQ,CASH CENTER,LUCENA CASH CENTER,00008-057-6,00008-057-6,CASH CENTER,LUCENA CASH CENTER,52
1638,0577,HUP,CASH CENTER,LEGASPI CASH CENTER,00008-057-7,00008-057-7,CASH CENTER,LEGASPI CASH CENTER,52
1639,0578,HNU,CASH CENTER,NAGA CASH CENTER,00008-057-8,00008-057-8,CASH CENTER,NAGA CASH CENTER,52
1640,0580,HUK,CASH CENTER,TACLOBAN CASH CENTER,00008-058-0,00008-058-0,CASH CENTER,TACLOBAN CASH CENTER,52
1641,0581,HUR,CASH CENTER,ROXAS CASH CENTER,00008-058-1,00008-058-1,CASH CENTER,ROXAS CASH CENTER,52
1642,0582,HBK,CASH CENTER,BACOLOD CASH CENTER,00008-058-2,00008-058-2,CASH CENTER,BACOLOD CASH CENTER,52
1643,0583,HDM,CASH CENTER,DUMAGUETE CASH CENTER,00008-058-3,00008-058-3,CASH CENTER,DUMAGUETE CASH CENTER,52
1644,0585,HBU,CASH CENTER,BUTUAN CASH CENTER,00008-058-5,00008-058-5,CASH CENTER,BUTUAN CASH CENTER,52
1645,0586,HUG,CASH CENTER,CAGAYAN DE ORO CASH CENTER,00008-058-6,00008-058-6,CASH CENTER,CAGAYAN DE ORO CASH CENTER,52
1646,0587,HUO,CASH CENTER,COTABATO CASH CENTER,00008-058-7,00008-058-7,CASH CENTER,COTABATO CASH CENTER,52
1648,0589,HIU,CASH CENTER,ILIGAN CASH CENTER,00008-058-9,00008-058-9,CASH CENTER,ILIGAN CASH CENTER,52
1649,0590,HOU,CASH CENTER,OZAMIS CASH CENTER,00008-059-0,00008-059-0,CASH CENTER,OZAMIS CASH CENTER,52
1650,0591,HUZ,CASH CENTER,ZAMBOANGA CASH CENTER,00008-059-1,00008-059-1,CASH CENTER,ZAMBOANGA CASH CENTER,52
1651,0802,HCL,HEADOFFICE,CONSUMER LOANS OPERATIONS DEPARTMENT,01008-975-2,01008-975-2,HEADOFFICE,CONSUMER LOANS OPERATIONS DEPARTMENT,1
1652,0803,HOL,HEADOFFICE,CORPORATE LOANS OPERATIONS DEPARTMENT,01008-976-5,01008-976-5,HEADOFFICE,CORPORATE LOANS OPERATIONS DEPARTMENT,1
1653,1001,GLV,NMM-1,VALENZUELA-GEN. T. DE LEON,01008-262-3,01008-262-3,NMMR,VALENZUELA-GEN. T. DE LEON,2
1654,1002,GOV,NMM-1,MALABON-GOV. PASCUAL,01008-209-2,01008-209-2,NMMR,MALABON-GOV. PASCUAL,2
1655,1003,MLB,CMM-1,MALABON-F. SEVILLA,01008-046-3,01008-046-3,CMMR,MALABON-F. SEVILLA,9
1656,1004,MAL,NMM-1,MALABON-RIZAL AVE.,01008-127-1,01008-127-1,NMMR,MALABON-RIZAL AVE.,2
1657,1005,MLY,NMM-1,VALENZUELA-MALINTA,01008-212-8,01008-212-8,NMMR,VALENZUELA-MALINTA,2
1658,1006,MRL,NMM-1,MALABON-POTRERO,01008-116-1,01008-116-1,NMMR,MALABON-POTRERO,2
1659,1007,NAV,NMM-1,NAVOTAS-M. NAVAL,01008-141-7,01008-141-7,NMMR,NAVOTAS-M. NAVAL,2
1660,1008,NFP,CMM-1,NAVOTAS-FISH PORT to 1007,01008-267-8,01008-267-8,CMMR,NAVOTAS-FISH PORT to 1007,9
1661,1009,PDB,NMM-1,VALENZUELA-PASO DE BLAS,01008-165-3,01008-165-3,NMMR,VALENZUELA-PASO DE BLAS,2
1662,1010,VLZ,NMM-1,VALENZUELA-KARUHATAN,01008-030-8,01008-030-8,NMMR,VALENZUELA-KARUHATAN,2
1663,1011,VAL,NMM-1,VALENZUELA-MACARTHUR,01008-137-8,01008-137-8,NMMR,VALENZUELA-MACARTHUR,2
1664,1026,ABO,NMM-2,Q.C.-A. BONIFACIO,01008-168-2,01008-168-2,NMMR,Q.C.-A. BONIFACIO,3
1665,1027,CLK,NMM-1,CALOOCAN-SANGANDAAN,01008-003-6,01008-003-6,NMMR,CALOOCAN-SANGANDAAN,2
1666,1028,CAL,NMM-1,CALOOCAN-RIZAL AVE. EXT.,01008-122-6,01008-122-6,NMMR,CALOOCAN-RIZAL AVE. EXT.,2
1667,1029,CAM,NMM-1,CALOOCAN-A. MABINI,01008-114-5,01008-114-5,NMMR,CALOOCAN-A. MABINI,2
1668,1030,EBK,NMM-2,CALOOCAN-EDSA BALINTAWAK,01008-179-2,01008-179-2,NMMR,CALOOCAN-EDSA BALINTAWAK,3
1669,1031,EKA,CMM-1,CALOOCAN-MACARTHUR HIGHWAY,01008-194-1,01008-194-1,CMMR,CALOOCAN-MACARTHUR HIGHWAY,9
1670,1032,GPK,NMM-1,CALOOCAN-GRACE PARK-10TH AVE.,01008-085-8,01008-085-8,NMMR,CALOOCAN-GRACE PARK-10TH AVE.,2
1671,1033,GPA,NMM-1,CALOOCAN-GRACE PARK-3RD AVE.,01008-263-6,01008-263-6,NMMR,CALOOCAN-GRACE PARK-3RD AVE.,2
1672,1034,GRP,NMM-1,CALOOCAN-GRACE PARK-7TH AVE.,01008-253-9,01008-253-9,NMMR,CALOOCAN-GRACE PARK-7TH AVE.,2
1673,1035,MNM,NMM-1,CALOOCAN-MONUMENTO,01008-080-3,01008-080-3,NMMR,CALOOCAN-MONUMENTO,2
1674,1036,SAM,NMM-2,CALOOCAN-SAMSON ROAD,01008-249-0,01008-249-0,NMMR,CALOOCAN-SAMSON ROAD,3
1675,1051,DEL,NMM-2,Q.C.-DEL MONTE,01008-149-1,01008-149-1,NMMR,Q.C.-DEL MONTE,3
1676,1052,DLT,NMM-2,Q.C.-QUEZON AVE.,01008-078-0,01008-078-0,NMMR,Q.C.-QUEZON AVE.,3
1677,1053,EDR,NMM-2,Q.C.-EDSA ROOSEVELT,01008-088-7,01008-088-7,NMMR,Q.C.-EDSA ROOSEVELT,3
1678,1054,ABB,NMM-2,Q.C.-EDSA-ETON CENTRIS,01008-233-5,01008-233-5,NMMR,Q.C.-EDSA-ETON CENTRIS,3
1679,1055,FSC,NMM-2,Q.C.-FRISCO,01008-093-9,01008-093-9,NMMR,Q.C.-FRISCO,3
1680,1056,SDM,NMM-2,Q.C.-DEL MONTE-FRISCO,01008-199-6,01008-199-6,NMMR,Q.C.-DEL MONTE-FRISCO,3
1681,1057,GRV,NMM-2,Q.C.-GRACE VILLAGE,01008-252-6,01008-252-6,NMMR,Q.C.-GRACE VILLAGE,3
1682,1058,NIA,NMM-1,Q.C.-NIA to 1054,01008-017-5,01008-017-5,NMMR,Q.C.-NIA to 1054,2
1683,1059,QQC,NMM-6,Q.C.-QUADRANGLE,01008-156-9,01008-156-9,NMMR,Q.C.-QUADRANGLE,7
1684,1060,RSV,NMM-2,Q.C.-ROOSEVELT AVE.,01008-135-2,01008-135-2,NMMR,Q.C.-ROOSEVELT AVE.,3
1685,1061,WSA,NMM-6,Q.C.-WEST AVENUE,01008-031-1,01008-031-1,NMMR,Q.C.-WEST AVENUE,7
1687,1076,CGR,NMM-4,Q.C.-VISAYAS AVENUE,01008-224-1,01008-224-1,NMMR,Q.C.-VISAYAS AVENUE,5
1688,1077,MAT,NMM-3,Q.C.-MATALINO,01008-198-3,01008-198-3,NMMR,Q.C.-MATALINO,4
1689,1078,MND,NMM-4,Q.C.-MINDANAO AVENUE,01008-152-7,01008-152-7,NMMR,Q.C.-MINDANAO AVENUE,5
1690,1079,MWS,NMM-3,Q.C.-MWSS,01008-042-1,01008-042-1,NMMR,Q.C.-MWSS,4
1691,1080,NFA,NMM-3,Q.C.-NFA,01008-038-2,01008-038-2,NMMR,Q.C.-NFA,4
1692,1081,NCP,NMM-3,Q.C.-NPC,01008-049-2,01008-049-2,NMMR,Q.C.-NPC,4
1693,1082,PJE,NMM-3,Q.C.-PROJECT 8,01008-058-6,01008-058-6,NMMR,Q.C.-PROJECT 8,4
1694,1083,QCC,NMM-3,Q.C.-ELLIPTICAL ROAD,01008-012-0,01008-012-0,NMMR,Q.C.-ELLIPTICAL ROAD,4
1695,1084,SSS,NMM-3,Q.C.-SSS DILIMAN,01008-026-9,01008-026-9,NMMR,Q.C.-SSS DILIMAN,4
1696,1085,TDS,NMM-4,Q.C.-TANDANG SORA,01008-102-2,01008-102-2,NMMR,Q.C.-TANDANG SORA,5
1697,1086,UPC,NMM-3,Q.C.-UP CAMPUS,01008-029-8,01008-029-8,NMMR,Q.C.-UP CAMPUS,4
1698,1087,COM,NMM-4,Q.C.-VISAYAS CONGRESSIONAL,01008-219-9,01008-219-9,NMMR,Q.C.-VISAYAS CONGRESSIONAL,5
1699,1101,BPB,NMM-4,Q.C.-BATASANG PAMBANSA,01008-035-3,01008-035-3,NMMR,Q.C.-BATASANG PAMBANSA,5
1700,1102,COA,NMMR-2,Q.C.-COA,01008-004-9,01008-004-9,NMMR,Q.C.-COA,3
1701,1103,CMW,NMM-4,Q.C.-COMMONWEALTH AVENUE,01008-106-4,01008-106-4,NMMR,Q.C.-COMMONWEALTH AVENUE,5
1702,1104,DAH,NMM-4,Q.C.-DON ANTONIO HEIGHTS,01008-254-2,01008-254-2,NMMR,Q.C.-DON ANTONIO HEIGHTS,5
1703,1105,EVR,NMM-4,Q.C.-EVER COMMONWEALTH,01008-101-9,01008-101-9,NMMR,Q.C.-EVER COMMONWEALTH,5
1704,1106,FAR,NMM-4,Q.C.-FAIRVIEW-REGALADO AVE.,01008-063-8,01008-063-8,NMMR,Q.C.-FAIRVIEW-REGALADO AVE.,5
1705,1107,FRV,NMM-4,Q.C.-FAIRVIEW COMMONWEALTH,01008-171-8,01008-171-8,NMMR,Q.C.-FAIRVIEW COMMONWEALTH,5
1706,1108,LGR,NMM-4,Q.C.-LAGRO,01008-034-0,01008-034-0,NMMR,Q.C.-LAGRO,5
1707,1109,LRO,NMM-4,Q.C.-LAGRO-QUIRINO,01008-185-7,01008-185-7,NMMR,Q.C.-LAGRO-QUIRINO,5
1708,1110,MRZ,NMM-4,RIZAL-MONTALBAN,01008-261-0,01008-261-0,NMMR,RIZAL-MONTALBAN,5
1709,1111,MKT,SMM-4,MAKATI-ALLIED BANK CENTER,01008-120-0,01008-120-0,SMMR,MAKATI-ALLIED BANK CENTER,18
1710,1112,NVA,NMM-4,Q.C.-NOVALICHES-TALIPAPA,01008-109-3,01008-109-3,NMMR,Q.C.-NOVALICHES-TALIPAPA,5
1711,1113,NOV,NMM-4,Q.C.-NOVALICHES-GULOD,01008-129-7,01008-129-7,NMMR,Q.C.-NOVALICHES-GULOD,5
1712,1114,SMT,NMM-4,RIZAL-SAN MATEO,01008-251-3,01008-251-3,NMMR,RIZAL-SAN MATEO,5
1713,1115,ZQH,NMM-4,Q.C.-ZABARTE,01008-248-7,01008-248-7,NMMR,Q.C.-ZABARTE,5
1714,1201,BBC,SMM-2,MANILA-G. TUAZON,01008-217-3,01008-217-3,SMMR,MANILA-G. TUAZON,16
1715,1202,BWE,NMM-6,QC-BANAWE to 1209,01008-170-5,01008-170-5,NMMR,QC-BANAWE to 1209,7
1716,1203,BNX,NMM-2,Q.C.-BANAWE-N. ROXAS,01008-183-1,01008-183-1,NMMR,Q.C.-BANAWE-N. ROXAS,3
1717,1204,DPT,SMM-2,MANILA-DAPITAN,01008-197-0,01008-197-0,SMMR,MANILA-DAPITAN,16
1718,1205,DPG,SMM-2,MANILA-MACEDA-LAON LAAN,01008-075-1,01008-075-1,SMMR,MANILA-MACEDA-LAON LAAN,16
1719,1206,ERA,NMM-2,Q.C.-E. RODRIGUEZ-G. ARANETA,01008-237-7,01008-237-7,NMMR,Q.C.-E. RODRIGUEZ-G. ARANETA,3
1720,1207,ERB,NMM-6,Q.C.-TOMAS MORATO,01008-117-4,01008-117-4,NMMR,Q.C.-TOMAS MORATO,7
1721,1208,SPN,SMM-2,MANILA-ESPAÑA,01008-009-4,01008-009-4,SMMR,MANILA-ESPAÑA,16
1722,1209,ESP,NMM-6,Q.C.-WELCOME ROTONDA,01008-125-5,01008-125-5,NMMR,Q.C.-WELCOME ROTONDA,7
1723,1210,GLS,NMM-6,Q.C.-GALAS,01008-052-8,01008-052-8,NMMR,Q.C.-GALAS,7
1724,1211,RKW,SMM-6,MAKATI-ROCKWELL CENTER,01008-103-5,01008-103-5,SMMR,MAKATI-ROCKWELL CENTER,20
1725,1212,PCS,NMM-3,MANDALUYONG SHAW-PRINCETON to 1231,01008-119-0,01008-119-0,NMMR,MANDALUYONG SHAW-PRINCETON to 1231,4
1726,1213,RTR,CMM-2,QC-RETIRO to 1214,01008-083-2,01008-083-2,CMMR,QC-RETIRO to 1214,10
1727,1214,RET,NMM-2,Q.C.-N.S. AMORANTO,01008-134-9,01008-134-9,NMMR,Q.C.-N.S. AMORANTO,3
1729,1227,ETO,NMM-3,Q.C.-ETON-CORINTHIAN,01008-086-1,01008-086-1,NMMR,Q.C.-ETON-CORINTHIAN,4
1730,1228,SJN,NMM-5,PASIG-JULIA VARGAS,01008-235-1,01008-235-1,NMMR,PASIG-JULIA VARGAS,6
1731,1229,KPS,NMM-5,PASIG-KAPASIGAN,01008-062-5,01008-062-5,NMMR,PASIG-KAPASIGAN,6
1732,1230,KPN,NMM-3,Q.C.-KATIPUNAN-ST. IGNATIUS,01008-200-5,01008-200-5,NMMR,Q.C.-KATIPUNAN-ST. IGNATIUS,4
1733,1231,MDL,NMM-5,MANDALUYONG-HIGHWAY HILLS,01008-015-9,01008-015-9,NMMR,MANDALUYONG-HIGHWAY HILLS,6
1734,1232,OTC,NMM-5,PASIG-ORTIGAS CENTER,01008-019-1,01008-019-1,NMMR,PASIG-ORTIGAS CENTER,6
1735,1233,OTG,NMM-5,PASIG-ORTIGAS GARNET,01008-220-9,01008-220-9,NMMR,PASIG-ORTIGAS GARNET,6
1736,1234,PIG,NMM-5,PASIG-CAPITOL COMMONS,01008-022-7,01008-022-7,NMMR,PASIG-CAPITOL COMMONS,6
1737,1235,PSW,NMM-5,PASIG-SHAW,01008-175-0,01008-175-0,NMMR,PASIG-SHAW,6
1738,1236,SHP,NMM-5,MANDALUYONG-SHANGRI-LA PLAZA,01008-067-0,01008-067-0,NMMR,MANDALUYONG-SHANGRI-LA PLAZA,6
1739,1237,SHW,NMM-5,MANDALUYONG-SHAW BLVD.,01008-145-9,01008-145-9,NMMR,MANDALUYONG-SHAW BLVD.,6
1740,1238,WCK,NMM-4,MANDALUYONG-WACK WACK to 1231,01008-223-8,01008-223-8,NMMR,MANDALUYONG-WACK WACK to 1231,5
1741,1239,MCR,NMM-5,MANDALUYONG-CENTERA RELIANCE,01008-281-4,01008-281-4,NMMR,MANDALUYONG-CENTERA RELIANCE,6
1742,1251,ARO,NMM-6,Q.C.-ROCES AVENUE,01008-247-4,01008-247-4,NMMR,Q.C.-ROCES AVENUE,7
1743,1252,LBS,NMM-3,Q.C.-ACROPOLIS,01008-240-3,01008-240-3,NMMR,Q.C.-ACROPOLIS,4
1744,1253,ANN,NMM-6,SAN JUAN-ANNAPOLIS,01008-195-4,01008-195-4,NMMR,SAN JUAN-ANNAPOLIS,7
1745,1254,ERS,NMM-6,QC-E RODRIGUEZ SR. AVE to 1207,01008-153-0,01008-153-0,NMMR,QC-E RODRIGUEZ SR. AVE to 1207,7
1746,1255,GTA,NMM-6,Q.C.-UERMMMC,01008-162-4,01008-162-4,NMMR,Q.C.-UERMMMC,7
1747,1256,GLM,NMM-6,SAN JUAN-JOSE ABAD SANTOS,01008-084-5,01008-084-5,NMMR,SAN JUAN-JOSE ABAD SANTOS,7
1748,1257,GRA,NMM-6,Q.C.-GRANADA,01008-191-2,01008-191-2,NMMR,Q.C.-GRANADA,7
1749,1258,GRH,NMM-6,GREENHILLS-CLUB FILIPINO DRIVE,01008-041-8,01008-041-8,NMMR,GREENHILLS-CLUB FILIPINO DRIVE,7
1750,1259,GRN,NMM-6,GREENHILLS-ORTIGAS AVE.,01008-139-4,01008-139-4,NMMR,GREENHILLS-ORTIGAS AVE.,7
1751,1260,KMG,NMM-6,Q.C.-KAMUNING,01008-184-4,01008-184-4,NMMR,Q.C.-KAMUNING,7
1752,1261,NML,NMM-6,Q.C.-NEW MANILA,01008-142-0,01008-142-0,NMMR,Q.C.-NEW MANILA,7
1753,1262,SJU,NMM-6,SAN JUAN-F. BLUMENTRITT,01008-094-2,01008-094-2,NMMR,SAN JUAN-F. BLUMENTRITT,7
1754,1263,TMO,NMM-6,Q.C.-TIMOG,01008-082-9,01008-082-9,NMMR,Q.C.-TIMOG,7
1755,1276,ALI,NMM-3,Q.C.-ARANETA CENTER,01008-071-9,01008-071-9,NMMR,Q.C.-ARANETA CENTER,4
1756,1277,AKA,NMM-3,Q.C.-KATIPUNAN-AURORA BLVD.,01008-238-0,01008-238-0,NMMR,Q.C.-KATIPUNAN-AURORA BLVD.,4
1757,1278,QBO,NMM-3,Q.C.-CUBAO MAIN,01008-005-2,01008-005-2,NMMR,Q.C.-CUBAO MAIN,4
1758,1279,CBO,NMM-3,Q.C.-CUBAO-HARVARD,01008-123-9,01008-123-9,NMMR,Q.C.-CUBAO-HARVARD,4
1759,1280,KAM,NMM-2,Q.C.-TIMOG EDSA,01008-169-5,01008-169-5,NMMR,Q.C.-TIMOG EDSA,3
1760,1281,KTP,NMM-3,Q.C.-KATIPUNAN-LOYOLA HEIGHTS,01008-108-0,01008-108-0,NMMR,Q.C.-KATIPUNAN-LOYOLA HEIGHTS,4
1761,1282,MRK,NMM-7,MARIKINA-SHOE AVE.,01008-016-2,01008-016-2,NMMR,MARIKINA-SHOE AVE.,8
1762,1283,CCM,NMM-7,MARIKINA-CONCEPCION,01008-155-6,01008-155-6,NMMR,MARIKINA-CONCEPCION,8
1763,1284,SEM,NMM-7,MARIKINA-CALUMPANG,01008-230-6,01008-230-6,NMMR,MARIKINA-CALUMPANG,8
1764,1285,MTU,NMM-7,MARIKINA-A. TUAZON,01008-128-4,01008-128-4,NMMR,MARIKINA-A. TUAZON,8
1765,1286,PTU,NMM-3,Q.C.-P. TUAZON,01008-167-9,01008-167-9,NMMR,Q.C.-P. TUAZON,4
1766,1287,PRG,NMM-3,CAINTA-ORTIGAS AVE. EXT to 1305,01008-250-0,01008-250-0,NMMR,CAINTA-ORTIGAS AVE. EXT to 1305,4
1767,1288,PRA,NMM-1,QC-PROJECT 3 AURORA BLVD to 1277,01008-204-7,01008-204-7,NMMR,QC-PROJECT 3 AURORA BLVD to 1277,2
1769,1301,ANG,NMM-7,RIZAL-ANGONO,01008-210-2,01008-210-2,NMMR,RIZAL-ANGONO,8
1770,1302,ATP,NMM-7,ANTIPOLO-P. OLIVEROS,01008-089-0,01008-089-0,NMMR,ANTIPOLO-P. OLIVEROS,8
1771,1303,APL,NMM-7,ANTIPOLO-CIRCUMFERENTIAL,01008-154-3,01008-154-3,NMMR,ANTIPOLO-CIRCUMFERENTIAL,8
1772,1304,CNT,NMM-7,CAINTA-VILLAGE EAST,01008-255-5,01008-255-5,NMMR,CAINTA-VILLAGE EAST,8
1773,1305,CNA,NMM-7,CAINTA-SAN ISIDRO,01008-260-7,01008-260-7,NMMR,CAINTA-SAN ISIDRO,8
1774,1306,FLX,NMM-7,CAINTA-FELIX AVE.-SAN ISIDRO,01008-060-9,01008-060-9,NMMR,CAINTA-FELIX AVE.-SAN ISIDRO,8
1775,1307,MAG,NMM-5,ANTIPOLO-MASINAG to 1308,01008-118-7,01008-118-7,NMMR,ANTIPOLO-MASINAG to 1308,6
1776,1308,MNG,NMM-7,ANTIPOLO-SUMULONG-MASINAG,01008-207-6,01008-207-6,NMMR,ANTIPOLO-SUMULONG-MASINAG,8
1777,1309,PSG,NMM-7,PASIG-ORTIGAS EXT.,01008-132-3,01008-132-3,NMMR,PASIG-ORTIGAS EXT.,8
1778,1310,RSE,NMM-7,PASIG-C. RAYMUNDO,01008-205-0,01008-205-0,NMMR,PASIG-C. RAYMUNDO,8
1779,1311,RSO,NMM-5,PASIG-TIENDESITAS,01008-112-9,01008-112-9,NMMR,PASIG-TIENDESITAS,6
1780,1312,STL,NMM-5,PASIG-SANTOLAN,01008-107-7,01008-107-7,NMMR,PASIG-SANTOLAN,6
1781,1313,TNY,NMM-7,RIZAL-TANAY,01008-070-6,01008-070-6,NMMR,RIZAL-TANAY,8
1782,1314,TYT,NMM-7,RIZAL-TAYTAY,01008-113-2,01008-113-2,NMMR,RIZAL-TAYTAY,8
1783,1401,AGE,SMM-4,MAKATI-AGUIRRE,01008-190-9,01008-190-9,SMMR,MAKATI-AGUIRRE,18
1784,1402,AMO,SMM-5,MAKATI-AMORSOLO,01008-126-8,01008-126-8,SMMR,MAKATI-AMORSOLO,19
1785,1403,AYA,SMM-6,MAKATI-AYALA AVE.,01008-065-4,01008-065-4,SMMR,MAKATI-AYALA AVE.,20
1786,1404,BVD,SMM-4,MAKATI-BENAVIDEZ,01008-096-8,01008-096-8,SMMR,MAKATI-BENAVIDEZ,18
1787,1405,PYR,SMM-4,MAKATI-CHINO ROCES AVE.EXT to 1406,01008-213-1,01008-213-1,SMMR,MAKATI-CHINO ROCES AVE.EXT to 1406,18
1788,1406,DSM,SMM-5,MAKATI-DASMARIÑAS VILLAGE,01008-110-3,01008-110-3,SMMR,MAKATI-DASMARIÑAS VILLAGE,19
1789,1407,GBE,SMM-4,MAKATI-GREENBELT,01008-227-0,01008-227-0,SMMR,MAKATI-GREENBELT,18
1790,1408,LGV,SMM-4,MAKATI-SALCEDO ST.-LEGASPI VILLAGE,01008-074-8,01008-074-8,SMMR,MAKATI-SALCEDO ST.-LEGASPI VILLAGE,18
1791,1409,MPB,SMM-4,MAKATI-C. PALANCA,01008-236-4,01008-236-4,SMMR,MAKATI-C. PALANCA,18
1792,1410,MPO,SMM-4,MAKATI-P. OCAMPO,01008-287-2,01008-287-2,SMMR,MAKATI-P. OCAMPO,18
1793,1411,PMO,SMM-5,MAKATI-PASONG TAMO,01008-193-8,01008-193-8,SMMR,MAKATI-PASONG TAMO,19
1797,1415,MAY,SMM-4,MAKATI-AYALA RUFINO,01008-275-9,01008-275-9,SMMR,MAKATI-AYALA RUFINO,18
1798,1426,BAM,SMM-6,MAKATI-BEL-AIR,01008-064-1,01008-064-1,SMMR,MAKATI-BEL-AIR,20
1800,1428,BDA,SMM-5,MAKATI-BUENDIA-DIAN,01008-196-7,01008-196-7,SMMR,MAKATI-BUENDIA-DIAN,19
1803,1431,GPY,SMM-5,MAKATI-ETON YAKAL,01008-079-3,01008-079-3,SMMR,MAKATI-ETON YAKAL,19
1806,1434,MKP,SMM-6,MAKATI-POBLACION,01008-013-3,01008-013-3,SMMR,MAKATI-POBLACION,20
1809,1437,PNR,NMM-5,MANDALUYONG-PIONEER,01008-057-3,01008-057-3,NMMR,MANDALUYONG-PIONEER,6
1810,1438,SCD,SMM-4,MAKATI-LEVISTE ST.-SALCEDO VILLAGE,01008-068-3,01008-068-3,SMMR,MAKATI-LEVISTE ST.-SALCEDO VILLAGE,18
1812,1440,FBC,SMM-6,BGC-BURGOS CIRCLE,01008-265-2,01008-265-2,SMMR,BGC-BURGOS CIRCLE,20
1815,1443,TBY,SMM-7,TAGUIG-BAYANI ROAD,01008-271-7,01008-271-7,SMMR,TAGUIG-BAYANI ROAD,21
1816,1444,BGW,SMM-6,BGC-WORLD PLAZA,01008-272-0,01008-272-0,SMMR,BGC-WORLD PLAZA,20
1819,1447,BOR,SMM-6,BGC-ORE CENTRAL,01008-276-2,01008-276-2,SMMR,BGC-ORE CENTRAL,20
1822,1451,ALP,SMM-8,LAS PIÑAS-AGUILAR AVENUE,01008-241-6,01008-241-6,SMMR,LAS PIÑAS-AGUILAR AVENUE,22
1827,1456,TUN,SMM-8,MUNTINLUPA-BELLEVUE-FILINVEST,01008-192-5,01008-192-5,SMMR,MUNTINLUPA-BELLEVUE-FILINVEST,22
1828,1457,FIA,SMM-8,MUNTINLUPA-FILINVEST AVENUE,01008-264-9,01008-264-9,SMMR,MUNTINLUPA-FILINVEST AVENUE,22
1831,1460,MTL,SMM-8,MUNTINLUPA-POBLACION,01008-047-6,01008-047-6,SMMR,MUNTINLUPA-POBLACION,22
1974,2081,PER,NOL 7,DAGUPAN CITY-PEREZ BLVD.,05008-010-6,05008-010-6,NOL,DAGUPAN CITY-PEREZ BLVD.,29
1975,2082,LGY,NOL 7,PANGASINAN-LINGAYEN,05008-004-1,05008-004-1,NOL,PANGASINAN-LINGAYEN,29
1977,2084,PNQ,NOL 8,TARLAC-PANIQUI,22008-001-7,22008-001-7,NOL,TARLAC-PANIQUI,30
1979,2086,SCP,NOL 7,PANGASINAN-SAN CARLOS CITY,05008-009-6,05008-009-6,NOL,PANGASINAN-SAN CARLOS CITY,29
1980,2087,TRC,NOL 8,TARLAC CITY-F. TAÑEDO,22008-002-0,22008-002-0,NOL,TARLAC CITY-F. TAÑEDO,30
1982,2089,TYG,NOL 7,PANGASINAN-TAYUG,05008-005-4,05008-005-4,NOL,PANGASINAN-TAYUG,29
1986,2202,AGO,NOL 1,AGOO-CONSOLACION,15008-002-2,15008-002-2,NOL,AGOO-CONSOLACION,23
1988,2204,BGY,NOL 1,BAGUIO CITY-SESSION ROAD,12008-001-0,12008-001-0,NOL,BAGUIO CITY-SESSION ROAD,23
1990,2206,LTR,NOL 1,BENGUET-LA TRINIDAD,12008-004-9,12008-004-9,NOL,BENGUET-LA TRINIDAD,23
1992,2208,MSY,NOL 1,BAGUIO CITY-MAGSAYSAY AVE.,12008-002-3,12008-002-3,NOL,BAGUIO CITY-MAGSAYSAY AVE.,23
1994,2210,SFU,NOL 1,LA UNION-SAN FERNANDO-QUEZON AVE.,15008-003-5,15008-003-5,NOL,LA UNION-SAN FERNANDO-QUEZON AVE.,23
2000,2231,LOG,NOL 2,LAOAG CITY-J.P. RIZAL,17008-002-8,17008-002-8,NOL,LAOAG CITY-J.P. RIZAL,24
2001,2232,LAO,NOL 2,LAOAG CITY-CASTRO,17008-006-0,17008-006-0,NOL,LAOAG CITY-CASTRO,24
2002,2233,NVC,NOL 2,ILOCOS SUR-NARVACAN,32008-002-7,32008-002-7,NOL,ILOCOS SUR-NARVACAN,24
2004,2235,VIG,NOL 2,VIGAN CITY-FLORENTINO,32008-001-4,32008-001-4,NOL,VIGAN CITY-FLORENTINO,24
2006,2251,BMB,NOL 3,NUEVA VIZCAYA-BAYOMBONG,26008-007-7,26008-007-7,NOL,NUEVA VIZCAYA-BAYOMBONG,25
2008,2253,CAB,NOL 8,CABANATUAN-CENTRAL MARKET,13008-001-3,13008-001-3,NOL,CABANATUAN-CENTRAL MARKET,30
2013,2258,LGW,NOL 3,IFUGAO-LAGAWE,26008-008-0,26008-008-0,NOL,IFUGAO-LAGAWE,25
2014,2259,MNZ,NOL 8,NUEVA ECIJA-MUÑOZ,13008-006-8,13008-006-8,NOL,NUEVA ECIJA-MUÑOZ,30
2016,2261,STN,NOL 8,CABANATUAN-DICARMA,13008-012-3,13008-012-3,NOL,CABANATUAN-DICARMA,30
2020,2276,API,NOL 3,CAGAYAN-APARRI,23008-002-3,23008-002-3,NOL,CAGAYAN-APARRI,25
2022,2278,CWY,NOL 3,ISABELA-CAUAYAN,26008-001-9,26008-001-9,NOL,ISABELA-CAUAYAN,25
2023,2279,CAI,NOL 3,ISABELA-CAUAYAN-MAHARLIKA HI-WAY,26008-009-3,26008-009-3,NOL,ISABELA-CAUAYAN-MAHARLIKA HI-WAY,25
2025,2281,LGN,NOL 3,ISABELA-ILAGAN,26008-002-2,26008-002-2,NOL,ISABELA-ILAGAN,25
2027,2283,SNM,NOL 3,CAGAYAN-SANCHEZ MIRA,23008-005-2,23008-005-2,NOL,CAGAYAN-SANCHEZ MIRA,25
2028,2284,STG,NOL 3,ISABELA-SANTIAGO-MAHARLIKA,26008-003-5,26008-003-5,NOL,ISABELA-SANTIAGO-MAHARLIKA,25
2029,2285,SIS,NOL 3,SANTIAGO-PANGANIBAN,26008-010-3,26008-010-3,NOL,SANTIAGO-PANGANIBAN,25
2030,2286,TBK,NOL 3,KALINGA-TABUK,23008-004-9,23008-004-9,NOL,KALINGA-TABUK,25
2031,2287,TUO,NOL 3,CAGAYAN-TUAO,23008-003-6,23008-003-6,NOL,CAGAYAN-TUAO,25
2032,2288,TGR,NOL 3,CAGAYAN-TUGUEGARAO-BONIFACIO,23008-001-0,23008-001-0,NOL,CAGAYAN-TUGUEGARAO-BONIFACIO,25
2034,2401,BLY,SOL 1,BATANGAS-BALAYAN,19008-003-7,19008-003-7,SOL,BATANGAS-BALAYAN,31
2035,2402,BTS,SOL 1,BATANGAS CITY-P. BURGOS,19008-001-1,19008-001-1,SOL,BATANGAS CITY-P. BURGOS,31
2038,2405,BAU,SOL 1,BATANGAS-BAUAN-J.P. RIZAL,19008-010-5,19008-010-5,SOL,BATANGAS-BAUAN-J.P. RIZAL,31
2040,2407,LMR,SOL 1,BATANGAS-LEMERY,19008-004-0,19008-004-0,SOL,BATANGAS-LEMERY,31
2042,2409,LIP,SOL 1,LIPA CITY-AYALA HIGHWAY,19008-008-2,19008-008-2,SOL,LIPA CITY-AYALA HIGHWAY,31
2045,2412,NSB,SOL 1,BATANGAS-NASUGBU,19008-007-9,19008-007-9,SOL,BATANGAS-NASUGBU,31
2047,2414,PML,SOL 7,OR. MINDORO-PINAMALAYAN,38008-002-5,38008-002-5,SOL,OR. MINDORO-PINAMALAYAN,37
2049,2426,BQR,SOL 2,BACOOR CITY-AGUINALDO HI-WAY,41008-004-7,41008-004-7,SOL,BACOOR CITY-AGUINALDO HI-WAY,32
2052,2429,CDM,SOL 2,DASMARIÑAS-AGUINALDO HI-WAY,41008-016-0,41008-016-0,SOL,DASMARIÑAS-AGUINALDO HI-WAY,32
2053,2430,CVT,SOL 2,CAVITE-GEN. TRIAS,41008-013-1,41008-013-1,SOL,CAVITE-GEN. TRIAS,32
2389,8010,HZK,HEAD OFFICE,KALOOKAN LOANS & SERVICE CENTER,00008-801-0,00008-801-0,HEAD OFFICE,KALOOKAN LOANS & SERVICE CENTER,1
2395,8016,HZB,HEAD OFFICE,SOUTH LUZON 1 (BATANGAS) LOANS SRVC CTR,00008-801-6,00008-801-6,HEAD OFFICE,SOUTH LUZON 1 (BATANGAS) LOANS SRVC CTR,1
2399,8020,HZJ,HEAD OFFICE,CEBU LOANS SERVICE CENTER,00008-802-0,00008-802-0,HEAD OFFICE,CEBU LOANS SERVICE CENTER,1
2405,8026,HZZ,HEAD OFFICE,SOUTH MINDANAO(DAVAO)LOANS SERVICE CTR,00008-802-6,00008-802-6,HEAD OFFICE,SOUTH MINDANAO(DAVAO)LOANS SERVICE CTR,1
