TYPE,REGION,RGNAME,AREA,CODE,ACRO,BRNAME,EMAIL
CCC,CASH CENTER,CASH CENTER,CASH CENTER,0557,HYU,MANDALUYONG CASH CENTER,
CCC,CASH CENTER,CASH CENTER,CASH CENTER,0560,HUA,ANGELES CASH CENTER,
CCC,CASH CENTER,CASH CENTER,CASH CENTER,0561,HUC,CEBU CASH CENTER,
CCC,CASH CENTER,CASH CENTER,CASH CENTER,0562,HUD,DAVAO CASH CENTER,
CCC,CASH CENTER,CASH CENTER,CASH CENTER,0563,HID,ILOILO CASH CENTER,
CCC,CASH CENTER,CASH CENTER,CASH CENTER,0566,HUB,BACOOR CASH CENTER,
CCC,CASH CENTER,CASH CENTER,CASH CENTER,0567,HPU,DAGUPAN CASH CENTER,
CCC,CASH CENTER,CASH CENTER,CASH CENTER,0568,HUU,LA UNION CASH CENTER,
CCC,CASH CENTER,CASH CENTER,CASH CENTER,0569,HUI,LAOAG CASH CENTER,
CCC,CASH CENTER,CASH CENTER,CASH CENTER,0570,HUT,CABANATUAN CASH CENTER,
CCC,CASH CENTER,CASH CENTER,CASH CENTER,0571,HUY,CAUAYAN CASH CENTER,
CCC,CASH CENTER,CASH CENTER,CASH CENTER,0572,HUS,SANTIAGO CASH CENTER,
CCC,CASH CENTER,CASH CENTER,CASH CENTER,0573,HTU,TUGUEGARAO CASH CENTER,
CCC,CASH CENTER,CASH CENTER,CASH CENTER,0574,HUN,CALAMBA CASH CENTER,
CCC,CASH CENTER,CASH CENTER,CASH CENTER,0575,HBT,BATANGAS CASH CENTER,
CCC,CASH CENTER,CASH CENTER,CASH CENTER,0576,HUQ,LUCENA CASH CENTER,
CCC,CASH CENTER,CASH CENTER,CASH CENTER,0577,HUP,LEGAZPI CASH CENTER,
CCC,CASH CENTER,CASH CENTER,CASH CENTER,0578,HNU,NAGA CASH CENTER,
CCC,CASH CENTER,CASH CENTER,CASH CENTER,0580,HUK,TACLOBAN CASH CENTER,
CCC,CASH CENTER,CASH CENTER,CASH CENTER,0581,HUR,ROXAS CASH CENTER,
CCC,CASH CENTER,CASH CENTER,CASH CENTER,0582,HBK,BACOLOD CASH CENTER,
CCC,CASH CENTER,CASH CENTER,CASH CENTER,0583,HDM,DUMAGUETE CASH CENTER,
CCC,CASH CENTER,CASH CENTER,CASH CENTER,0585,HBU,BUTUAN CASH CENTER,
CCC,CASH CENTER,CASH CENTER,CASH CENTER,0586,HUG,CAGAYAN DE ORO CASH CENTER,
CCC,CASH CENTER,CASH CENTER,CASH CENTER,0587,HUO,COTABATO CASH CENTER,
CCC,CASH CENTER,CASH CENTER,CASH CENTER,0588,HGS,GENERAL SANTOS CASH CENTER,
CCC,CASH CENTER,CASH CENTER,CASH CENTER,0589,HIU,ILIGAN CASH CENTER,
CCC,CASH CENTER,CASH CENTER,CASH CENTER,0590,HOU,OZAMIS CASH CASH CENTER,
CCC,CASH CENTER,CASH CENTER,CASH CENTER,0591,HUZ,ZAMBOANGA CASH CENTER,
BBG,CMMR,CENTRAL METRO MANILA 1,CMM-1,1003,MLB,MALABON-F. SEVILLA,
BBG,CMMR,CENTRAL METRO MANILA 1,CMM-1,1031,EKA,CALOOCAN-MACARTHUR HIGHWAY,
BBG,CMMR,CENTRAL METRO MANILA 5,CMM-5,1680,LNT,MANILA-LUNETA-T.M. KALAW,
BBG,CMMR,CENTRAL METRO MANILA 5,CMM-5,1684,PRT,MANILA-PORT AREA,
BBG,CMMR,CENTRAL METRO MANILA 6,CMM-6,1681,PFA,MANILA-PADRE FAURA,
BBG,CMMR,CENTRAL METRO MANILA 6,CMM-6,1709,TFT,MANILA-TAFT AVE.-ONE ARCHERS,
BBG,CMMR,CENTRAL METRO MANILA 6,CMM-6,1711,MSA,MANILA-STA. ANA,
DEP,HEAD OFFICE,HEAD OFFICE,HEAD OFFICE,0555,HUM,CSMC - TRANSACTION SERVICING SECTION,csmctss@pnb.com.ph
DEP,HEAD OFFICE,HEAD OFFICE,HEAD OFFICE,0802,HCL,CONSUMER LOAN OPERATIONS DEPARTMENT,lisd_accounting_consumer@pnb.com.ph
DEP,HEAD OFFICE,HEAD OFFICE,HEAD OFFICE,0803,HOL,CORPORATE LOAN OPERATIONS DEPARTMENT,hld-commercialbilling@pnb.com.ph
DEP,HEAD OFFICE,HEAD OFFICE,HEAD OFFICE,6117,HND,SB - LOANS DIVISION,
BBG,MINDANAO,MINDANAO 1,MINDANAO 1,4001,BJD,DAVAO-OBRERO,
BBG,MINDANAO,MINDANAO 1,MINDANAO 1,4002,BNG,DAVAO-BANGOY,
BBG,MINDANAO,MINDANAO 1,MINDANAO 1,4003,BKR,DAVAO-ATENEO,
BBG,MINDANAO,MINDANAO 1,MINDANAO 1,4005,DVO,DAVAO-SAN PEDRO-C.M. RECTO,
BBG,MINDANAO,MINDANAO 1,MINDANAO 1,4007,LNG,DAVAO-LANANG,
BBG,MINDANAO,MINDANAO 1,MINDANAO 1,4008,DSP,DAVAO-SAN PEDRO,
BBG,MINDANAO,MINDANAO 1,MINDANAO 1,4009,SAD,DAVAO-STA. ANA,
BBG,MINDANAO,MINDANAO 1,MINDANAO 1,4012,SSA,DAVAO-SASA,
BBG,MINDANAO,MINDANAO 1,MINDANAO 1,4015,DGA,DAVAO-GAISANO CABANTIAN,
BBG,MINDANAO,MINDANAO 1,MINDANAO 1,4016,DJP,DAVAO-J.P. LAUREL AVE.,
BBG,MINDANAO,MINDANAO 1,MINDANAO 1,4017,DVP,DAVAO-VICTORIA PLAZA,
BBG,MINDANAO,MINDANAO 1,MINDANAO 1,4018,LDS,DAVAO-SAMAL ISLAND,
BBG,MINDANAO,MINDANAO 5,MINDANAO 5,4111,MBY,MALAYBALAY CITY-FORTICH,
BBG,NMMR,NORTH METRO MANILA 2,NMM-2,1055,FSC,Q.C.-FRISCO,
BBG,NMMR,NORTH METRO MANILA 5,NMM-5,1427,BON,MANDALUYONG-BONI AVENUE,
BBG,NOL,NORTHERN LUZON 2,NOL 2,2204,BGY,BAGUIO CITY-SESSION ROAD,
BBG,NOL,NORTHERN LUZON 5,NOL 5,2076,AMS,ALAMINOS CITY-QUEZON AVE.,
BBG,SMMR,SOUTH METRO MANILA 2,SMM-2,1208,SPN,MANILA-ESPAÑA,
BBG,SMMR,SOUTH METRO MANILA 5,SMM-5,1512,LIB,PASAY-LIBERTAD,
BBG,SMMR,SOUTH METRO MANILA 8,SMM-8,1463,SMA,LAS PIÑAS-EVIA LIFESTYLE CENTER,
BBG,SOL,SOUTHERN LUZON 4,SOL 4,2477,BOA,MARINDUQUE-BOAC,
BBG,VISAYAS,VISAYAS 1,VISAYAS 1,6320,COR,PALAWAN-CORON,
BBG,VISAYAS,VISAYAS 5,VISAYAS 5,3111,LPZ,ILOILO-LA PAZ,
BBG,MINDANAO,MINDANAO 1,MINDANAO 1,4076,DCR,DAVAO-C.M. RECTO,
BBG,MINDANAO,MINDANAO 1,MINDANAO 1,4077,DDS,DAVAO-CABAGUIO AVE.,
BBG,MINDANAO,MINDANAO 1,MINDANAO 1,4078,ADD,DAVAO-DIVERSION ROAD,
BBG,MINDANAO,MINDANAO 1,MINDANAO 1,4079,AGD,DAVAO-AGDAO,
BBG,MINDANAO,MINDANAO 1,MINDANAO 1,4080,MTV,DAVAO-MONTEVERDE CHINATOWN,
BBG,MINDANAO,MINDANAO 1,MINDANAO 1,4081,DST,DAVAO-MAGSAYSAY-LIZADA,
BBG,MINDANAO,MINDANAO 1,MINDANAO 1,4082,KID,DAVAO-CALINAN,
BBG,MINDANAO,MINDANAO 1,MINDANAO 1,4084,DMV,DAVAO-MONTEVERDE-SALES,
BBG,MINDANAO,MINDANAO 1,MINDANAO 1,4085,DTR,DAVAO-TORIL,
BBG,MINDANAO,MINDANAO 1,MINDANAO 1,4086,MTN,DAVAO-MATINA-GSIS,
BBG,MINDANAO,MINDANAO 1,MINDANAO 1,4087,TRL,DAVAO-MA-A,
BBG,MINDANAO,MINDANAO 2,MINDANAO 2,4051,CBT,COTABATO CITY-MAKAKUA,
BBG,MINDANAO,MINDANAO 2,MINDANAO 2,4052,COT,COTABATO CITY-DOROTHEO,
BBG,MINDANAO,MINDANAO 2,MINDANAO 2,4053,DDG,GENERAL SANTOS-SANTIAGO,
BBG,MINDANAO,MINDANAO 2,MINDANAO 2,4054,GNS,GENERAL SANTOS-P. ACHARON,
BBG,MINDANAO,MINDANAO 2,MINDANAO 2,4055,GSN,GENERAL SANTOS-CITY HALL DRIVE,
BBG,MINDANAO,MINDANAO 2,MINDANAO 2,4056,ISU,SULTAN KUDARAT-ISULAN,
BBG,MINDANAO,MINDANAO 2,MINDANAO 2,4057,KCC,GENERAL SANTOS-KCC MALL,
BBG,MINDANAO,MINDANAO 2,MINDANAO 2,4058,KPW,NORTH COTABATO-KIDAPAWAN,
BBG,MINDANAO,MINDANAO 2,MINDANAO 2,4059,KND,KORONADAL CITY-MORROW,
BBG,MINDANAO,MINDANAO 2,MINDANAO 2,4060,KOR,KORONADAL CITY-POBLACION,
BBG,MINDANAO,MINDANAO 2,MINDANAO 2,4061,MYP,NORTH COTABATO-MIDSAYAP,
BBG,MINDANAO,MINDANAO 2,MINDANAO 2,4062,CSP,COTABATO CITY-S.K. PENDATUN,
BBG,MINDANAO,MINDANAO 2,MINDANAO 2,4063,TRG,SULTAN KUDARAT-TACURONG,
BBG,MINDANAO,MINDANAO 2,MINDANAO 2,4064,CTK,COTABATO CITY-KCC MALL,
BBG,MINDANAO,MINDANAO 2,MINDANAO 2,4083,DGS,DAVAO DEL SUR-DIGOS,
BBG,MINDANAO,MINDANAO 3,MINDANAO 3,4004,BSG,SURIGAO DEL SUR-BISLIG CITY,
BBG,MINDANAO,MINDANAO 3,MINDANAO 3,4006,DTA,DAVAO DEL NORTE-TAGUM-APOKON,
BBG,MINDANAO,MINDANAO 3,MINDANAO 3,4010,MTI,DAVAO ORIENTAL-MATI,
BBG,MINDANAO,MINDANAO 3,MINDANAO 3,4011,PBO,DAVAO DEL NORTE-PANABO,
BBG,MINDANAO,MINDANAO 3,MINDANAO 3,4013,TGU,DAVAO DEL NORTE-TAGUM-RIZAL,
BBG,MINDANAO,MINDANAO 3,MINDANAO 3,4026,ASR,AGUSAN DEL SUR-SAN FRANCISCO,
BBG,MINDANAO,MINDANAO 3,MINDANAO 3,4027,BYU,AGUSAN DEL SUR-BAYUGAN CITY,
BBG,MINDANAO,MINDANAO 3,MINDANAO 3,4028,BTA,BUTUAN CITY-MONTILLA,
BBG,MINDANAO,MINDANAO 3,MINDANAO 3,4029,BTN,BUTUAN CITY-J.C. AQUINO,
BBG,MINDANAO,MINDANAO 3,MINDANAO 3,4032,SGO,SURIGAO CITY-RIZAL,
BBG,MINDANAO,MINDANAO 3,MINDANAO 3,4035,TDG,SURIGAO DEL SUR-TANDAG CITY,
BBG,MINDANAO,MINDANAO 3,MINDANAO 3,4036,SID,SIARGAO ISLAND-DAPA,
BBG,MINDANAO,MINDANAO 3,MINDANAO 3,4038,SIG,SIARGAO ISLAND-GEN. LUNA,
BBG,MINDANAO,MINDANAO 4,MINDANAO 4,4030,GNG,MISAMIS ORIENTAL-GINGOOG CITY,
BBG,MINDANAO,MINDANAO 4,MINDANAO 4,4031,MBJ,CAMIGUIN-MAMBAJAO,
BBG,MINDANAO,MINDANAO 4,MINDANAO 4,4034,SWN,SURIGAO CITY-SAN NICOLAS,
BBG,MINDANAO,MINDANAO 4,MINDANAO 4,4039,CUP,CDO-UPTOWN,
BBG,MINDANAO,MINDANAO 4,MINDANAO 4,4101,CDO,CDO-CORRALES-CHAVES,
BBG,MINDANAO,MINDANAO 4,MINDANAO 4,4102,LPN,CDO-LAPASAN HIGHWAY,
BBG,MINDANAO,MINDANAO 4,MINDANAO 4,4103,CCP,CDO-TIANO,
BBG,MINDANAO,MINDANAO 4,MINDANAO 4,4104,CRM,CDO-CARMEN,
BBG,MINDANAO,MINDANAO 4,MINDANAO 4,4105,CAG,CDO-COGON,
BBG,MINDANAO,MINDANAO 4,MINDANAO 4,4108,LKK,CDO-LIMKETKAI DRIVE,
BBG,MINDANAO,MINDANAO 4,MINDANAO 4,4110,MBL,MALAYBALAY CITY-RIZAL,
BBG,MINDANAO,MINDANAO 4,MINDANAO 4,4115,VLN,BUKIDNON-MARAMAG,
BBG,MINDANAO,MINDANAO 4,MINDANAO 4,4116,VLC,VALENCIA CITY-MABINI,
BBG,MINDANAO,MINDANAO 4,MINDANAO 4,6327,CCO,CDO-TIN-AO,
BBG,MINDANAO,MINDANAO 5,MINDANAO 5,4106,ILI,ILIGAN CITY-AGUINALDO,
BBG,MINDANAO,MINDANAO 5,MINDANAO 5,4107,ILG,ILIGAN CITY-QUEZON,
BBG,MINDANAO,MINDANAO 5,MINDANAO 5,4112,MRW,MARAWI CITY-MSU CAMPUS,
BBG,MINDANAO,MINDANAO 5,MINDANAO 5,4114,PLO,ILIGAN CITY-PALA-O,
BBG,MINDANAO,MINDANAO 5,MINDANAO 5,4126,BUG,ZAMBOANGA SIBUGAY-BUUG,
BBG,MINDANAO,MINDANAO 5,MINDANAO 5,4127,DPL,DIPOLOG CITY-GEN. LUNA,
BBG,MINDANAO,MINDANAO 5,MINDANAO 5,4131,MRD,LANAO DEL NORTE-MARANDING,
BBG,MINDANAO,MINDANAO 5,MINDANAO 5,4132,MOL,ZAMBOANGA DEL SUR-MOLAVE,
BBG,MINDANAO,MINDANAO 5,MINDANAO 5,4133,ORQ,MISAMIS OCC.-OROQUIETA CITY,
BBG,MINDANAO,MINDANAO 5,MINDANAO 5,4134,OZS,OZAMIS CITY-RIZAL AVE.,
BBG,MINDANAO,MINDANAO 5,MINDANAO 5,4136,PGZ,PAGADIAN CITY-PAJARES,
BBG,MINDANAO,MINDANAO 5,MINDANAO 5,4137,PGN,PAGADIAN CITY-RIZAL AVE.,
BBG,MINDANAO,MINDANAO 5,MINDANAO 5,4138,SDN,ZAMBOANGA DEL NORTE-SINDANGAN,
CCU,MINDANAO,MINDANAO,MINDANAO 5,8025,HZO,NORTH MIN LOANS SERVICE CENTER,
BBG,MINDANAO,MINDANAO 6,MINDANAO 6,4128,DIP,DIPOLOG CITY-RIZAL,
BBG,MINDANAO,MINDANAO 6,MINDANAO 6,4129,IPL,ZAMBOANGA SIBUGAY-IPIL,
BBG,MINDANAO,MINDANAO 6,MINDANAO 6,4130,LLY,ZAMBOANGA DEL NORTE-LILOY,
BBG,MINDANAO,MINDANAO 6,MINDANAO 6,4135,OZM,OZAMIS CITY-BURGOS,
BBG,MINDANAO,MINDANAO 6,MINDANAO 6,4151,BAS,BASILAN-ISABELA-ROXAS,
BBG,MINDANAO,MINDANAO 6,MINDANAO 6,4153,CLM,ZAMBOANGA-CLIMACO,
BBG,MINDANAO,MINDANAO 6,MINDANAO 6,4155,JGA,JOLO-AROLAS,
BBG,MINDANAO,MINDANAO 6,MINDANAO 6,4156,SBN,ZAMBOANGA-SUCABON,
BBG,MINDANAO,MINDANAO 6,MINDANAO 6,4158,TWI,TAWI-TAWI-BONGAO,
BBG,MINDANAO,MINDANAO 6,MINDANAO 6,4159,ZBG,ZAMBOANGA-J.S. ALANO,
BBG,MINDANAO,MINDANAO 6,MINDANAO 6,4160,CNZ,ZAMBOANGA-CANELAR,
BBG,MINDANAO,MINDANAO 6,MINDANAO 6,4161,GWN,ZAMBOANGA-KCC MALL,
BBG,MINDANAO,MINDANAO 6,MINDANAO 6,4162,AVZ,ZAMBOANGA-MCLL HIGHWAY,
BBG,MINDANAO,MINDANAO 6,MINDANAO 6,4163,ZAM,ZAMBOANGA-SAN JOSE,
BBG,MINDANAO,MINDANAO 6,MINDANAO 6,4164,TTN,ZAMBOANGA-TETUAN,
BBG,MINDANAO,MINDANAO 6,MINDANAO 6,4165,VTS,ZAMBOANGA-VETERANS AVENUE,
BBG,MINDANAO,MINDANAO 7,MINDANAO 7,4152,BSL,BASILAN-ISABELA-STRONG BLVD.,
BBG,NMMR,NORTH METRO MANILA 1,NMM-1,1001,GLV,VALENZUELA-GEN. T. DE LEON,
BBG,NMMR,NORTH METRO MANILA 1,NMM-1,1002,GOV,MALABON-GOV. PASCUAL,
BBG,NMMR,NORTH METRO MANILA 1,NMM-1,1004,MAL,MALABON-RIZAL AVE.,
BBG,NMMR,NORTH METRO MANILA 1,NMM-1,1005,MLY,VALENZUELA-MALINTA,
BBG,NMMR,NORTH METRO MANILA 1,NMM-1,1006,MRL,MALABON-POTRERO,
BBG,NMMR,NORTH METRO MANILA 1,NMM-1,1007,NAV,NAVOTAS-M. NAVAL,
BBG,NMMR,NORTH METRO MANILA 1,NMM-1,1009,PDB,VALENZUELA-PASO DE BLAS,
BBG,NMMR,NORTH METRO MANILA 1,NMM-1,1010,VLZ,VALENZUELA-KARUHATAN,
BBG,NMMR,NORTH METRO MANILA 1,NMM-1,1011,VAL,VALENZUELA-MACARTHUR,
BBG,NMMR,NORTH METRO MANILA 1,NMM-1,1027,CLK,CALOOCAN-SANGANDAAN,
BBG,NMMR,NORTH METRO MANILA 1,NMM-1,1028,CAL,CALOOCAN-RIZAL AVE. EXT.,
BBG,NMMR,NORTH METRO MANILA 1,NMM-1,1029,CAM,CALOOCAN-A. MABINI,
BBG,NMMR,NORTH METRO MANILA 1,NMM-1,1032,GPK,CALOOCAN-GRACE PARK-10TH AVE.,
BBG,NMMR,NORTH METRO MANILA 1,NMM-1,1033,GPA,CALOOCAN-GRACE PARK-3RD AVE.,
BBG,NMMR,NORTH METRO MANILA 1,NMM-1,1034,GRP,CALOOCAN-GRACE PARK-7TH AVE.,
BBG,NMMR,NORTH METRO MANILA 1,NMM-1,1035,MNM,CALOOCAN-MONUMENTO,
BBG,NMMR,NORTH METRO MANILA 1,NMM-1,6335,VVC,VALENZUELA-MACARTHUR-MARULAS,
BBG,NMMR,NORTH METRO MANILA 1,NMM-1,6352,CNC,CALOOCAN-10TH AVE. SOUTH,
BBG,NMMR,NORTH METRO MANILA 2,NMM-2,1026,ABO,Q.C.-A. BONIFACIO,
BBG,NMMR,NORTH METRO MANILA 2,NMM-2,1030,EBK,CALOOCAN-EDSA BALINTAWAK,
BBG,NMMR,NORTH METRO MANILA 2,NMM-2,1036,SAM,CALOOCAN-SAMSON ROAD,
BBG,NMMR,NORTH METRO MANILA 2,NMM-2,1051,DEL,Q.C.-DEL MONTE,
BBG,NMMR,NORTH METRO MANILA 2,NMM-2,1052,DLT,Q.C.-QUEZON AVE.,
BBG,NMMR,NORTH METRO MANILA 2,NMM-2,1053,EDR,Q.C.-EDSA-ROOSEVELT,
BBG,NMMR,NORTH METRO MANILA 2,NMM-2,1054,ABB,Q.C.-EDSA-ETON CENTRIS,
BBG,NMMR,NORTH METRO MANILA 2,NMM-2,1056,SDM,Q.C.-DEL MONTE-FRISCO,
BBG,NMMR,NORTH METRO MANILA 2,NMM-2,1057,GRV,Q.C.-GRACE VILLAGE,
BBG,NMMR,NORTH METRO MANILA 2,NMM-2,1060,RSV,Q.C.-ROOSEVELT AVE.,
BBG,NMMR,NORTH METRO MANILA 2,NMM-2,1062,WES,Q.C.-WEST TRIANGLE,
BBG,NMMR,NORTH METRO MANILA 2,NMM-2,1102,COA,Q.C.-COA,
BBG,NMMR,NORTH METRO MANILA 2,NMM-2,1203,BNX,Q.C.-BANAWE-N. ROXAS,
BBG,NMMR,NORTH METRO MANILA 2,NMM-2,1206,ERA,Q.C.-E. RODRIGUEZ-G. ARANETA,
BBG,NMMR,NORTH METRO MANILA 2,NMM-2,1214,RET,Q.C.-N.S. AMORANTO,
BBG,NMMR,NORTH METRO MANILA 2,NMM-2,1280,KAM,Q.C.-TIMOG EDSA,
BBG,NMMR,NORTH METRO MANILA 3,NMM-3,1077,MAT,Q.C.-MATALINO,
BBG,NMMR,NORTH METRO MANILA 3,NMM-3,1079,MWS,Q.C.-MWSS,
BBG,NMMR,NORTH METRO MANILA 3,NMM-3,1080,NFA,Q.C.-NFA,
BBG,NMMR,NORTH METRO MANILA 3,NMM-3,1081,NCP,Q.C.-NPC,
BBG,NMMR,NORTH METRO MANILA 3,NMM-3,1082,PJE,Q.C.-PROJECT 8,
BBG,NMMR,NORTH METRO MANILA 3,NMM-3,1083,QCC,Q.C.-ELLIPTICAL ROAD,
BBG,NMMR,NORTH METRO MANILA 3,NMM-3,1084,SSS,Q.C.-SSS DILIMAN,
BBG,NMMR,NORTH METRO MANILA 3,NMM-3,1086,UPC,Q.C.-UP CAMPUS,
BBG,NMMR,NORTH METRO MANILA 3,NMM-3,1227,ETO,Q.C.-ETON-CORINTHIAN,
BBG,NMMR,NORTH METRO MANILA 3,NMM-3,1230,KPN,Q.C.-KATIPUNAN-ST. IGNATIUS,
BBG,NMMR,NORTH METRO MANILA 3,NMM-3,1252,LBS,Q.C.-ACROPOLIS,
BBG,NMMR,NORTH METRO MANILA 3,NMM-3,1276,ALI,Q.C.-ARANETA CENTER,
BBG,NMMR,NORTH METRO MANILA 3,NMM-3,1277,AKA,Q.C.-KATIPUNAN-AURORA BLVD.,
BBG,NMMR,NORTH METRO MANILA 3,NMM-3,1278,QBO,Q.C.-CUBAO MAIN,
BBG,NMMR,NORTH METRO MANILA 3,NMM-3,1279,CBO,Q.C.-CUBAO-HARVARD,
BBG,NMMR,NORTH METRO MANILA 3,NMM-3,1281,KTP,Q.C.-KATIPUNAN-LOYOLA HEIGHTS,
BBG,NMMR,NORTH METRO MANILA 3,NMM-3,1286,PTU,Q.C.-P. TUAZON,
BBG,NMMR,NORTH METRO MANILA 4,NMM-4,1076,CGR,Q.C.-VISAYAS AVENUE,
BBG,NMMR,NORTH METRO MANILA 4,NMM-4,1078,MND,Q.C.-MINDANAO AVENUE,
BBG,NMMR,NORTH METRO MANILA 4,NMM-4,1085,TDS,Q.C.-TANDANG SORA,
BBG,NMMR,NORTH METRO MANILA 4,NMM-4,1087,COM,Q.C.-VISAYAS CONGRESSIONAL,
BBG,NMMR,NORTH METRO MANILA 4,NMM-4,1101,BPB,Q.C.-BATASANG PAMBANSA,
BBG,NMMR,NORTH METRO MANILA 4,NMM-4,1103,CMW,Q.C.-COMMONWEALTH AVENUE,
BBG,NMMR,NORTH METRO MANILA 4,NMM-4,1104,DAH,Q.C.-DON ANTONIO HEIGHTS,
BBG,NMMR,NORTH METRO MANILA 4,NMM-4,1105,EVR,Q.C.-EVER COMMONWEALTH,
BBG,NMMR,NORTH METRO MANILA 4,NMM-4,1106,FAR,Q.C.-FAIRVIEW-REGALADO AVE.,
BBG,NMMR,NORTH METRO MANILA 4,NMM-4,1107,FRV,Q.C.-FAIRVIEW COMMONWEALTH,
BBG,NMMR,NORTH METRO MANILA 4,NMM-4,1108,LGR,Q.C.-LAGRO,
BBG,NMMR,NORTH METRO MANILA 4,NMM-4,1109,LRO,Q.C.-LAGRO-QUIRINO,
BBG,NMMR,NORTH METRO MANILA 4,NMM-4,1110,MRZ,RIZAL-MONTALBAN,
BBG,NMMR,NORTH METRO MANILA 4,NMM-4,1112,NVA,Q.C.-NOVALICHES-TALIPAPA,
BBG,NMMR,NORTH METRO MANILA 4,NMM-4,1113,NOV,Q.C.-NOVALICHES-GULOD,
BBG,NMMR,NORTH METRO MANILA 4,NMM-4,1114,SMT,RIZAL-SAN MATEO,
BBG,NMMR,NORTH METRO MANILA 4,NMM-4,1115,ZQH,Q.C.-S&R COMMONWEALTH,
BBG,NMMR,NORTH METRO MANILA 5,NMM-5,1228,SJN,PASIG-JULIA VARGAS,
BBG,NMMR,NORTH METRO MANILA 5,NMM-5,1229,KPS,PASIG-KAPASIGAN,
BBG,NMMR,NORTH METRO MANILA 5,NMM-5,1231,MDL,MANDALUYONG-HIGHWAY HILLS,
BBG,NMMR,NORTH METRO MANILA 5,NMM-5,1232,OTC,PASIG-ORTIGAS CENTER,
BBG,NMMR,NORTH METRO MANILA 5,NMM-5,1233,OTG,PASIG-ORTIGAS GARNET,
BBG,NMMR,NORTH METRO MANILA 5,NMM-5,1234,PIG,PASIG-CAPITOL COMMONS,
BBG,NMMR,NORTH METRO MANILA 5,NMM-5,1235,PSW,PASIG-SHAW,
BBG,NMMR,NORTH METRO MANILA 5,NMM-5,1236,SHP,MANDALUYONG-SHANGRI-LA PLAZA,
BBG,NMMR,NORTH METRO MANILA 5,NMM-5,1237,SHW,MANDALUYONG-SHAW BLVD.,
BBG,NMMR,NORTH METRO MANILA 5,NMM-5,1239,MCR,MANDALUYONG-CENTERA-RELIANCE,
BBG,NMMR,NORTH METRO MANILA 5,NMM-5,1311,RSO,PASIG-TIENDESITAS,
BBG,NMMR,NORTH METRO MANILA 5,NMM-5,1312,STL,PASIG-SANTOLAN,
BBG,NMMR,NORTH METRO MANILA 5,NMM-5,1435,MSW,MANDALUYONG-SHAW-ACACIA LANE,
BBG,NMMR,NORTH METRO MANILA 5,NMM-5,1437,PNR,MANDALUYONG-PIONEER,
BBG,NMMR,NORTH METRO MANILA 5,NMM-5,1449,MDG,MANDALUYONG-D. GUEVARRA,
BBG,NMMR,NORTH METRO MANILA 5,NMM-5,6360,PGC,PASIG-KAPITOLYO,
BBG,NMMR,NORTH METRO MANILA 6,NMM-6,1059,QQC,Q.C.-QUADRANGLE,
BBG,NMMR,NORTH METRO MANILA 6,NMM-6,1061,WSA,Q.C.-WEST AVENUE,
BBG,NMMR,NORTH METRO MANILA 6,NMM-6,1207,ERB,Q.C.-TOMAS MORATO,
BBG,NMMR,NORTH METRO MANILA 6,NMM-6,1209,ESP,Q.C.-WELCOME ROTONDA,
BBG,NMMR,NORTH METRO MANILA 6,NMM-6,1210,GLS,Q.C.-GALAS,
BBG,NMMR,NORTH METRO MANILA 6,NMM-6,1251,ARO,Q.C.-ROCES AVENUE,
BBG,NMMR,NORTH METRO MANILA 6,NMM-6,1253,ANN,SAN JUAN-ANNAPOLIS,
BBG,NMMR,NORTH METRO MANILA 6,NMM-6,1255,GTA,Q.C.-UERMMMC,
BBG,NMMR,NORTH METRO MANILA 6,NMM-6,1256,GLM,SAN JUAN-JOSE ABAD SANTOS,
BBG,NMMR,NORTH METRO MANILA 6,NMM-6,1257,GRA,Q.C.-GRANADA,
BBG,NMMR,NORTH METRO MANILA 6,NMM-6,1258,GRH,GREENHILLS-CLUB FILIPINO DRIVE,
BBG,NMMR,NORTH METRO MANILA 6,NMM-6,1259,GRN,GREENHILLS-ORTIGAS AVE.,
BBG,NMMR,NORTH METRO MANILA 6,NMM-6,1260,KMG,Q.C.-KAMUNING,
BBG,NMMR,NORTH METRO MANILA 6,NMM-6,1261,NML,Q.C.-NEW MANILA,
BBG,NMMR,NORTH METRO MANILA 6,NMM-6,1262,SJU,SAN JUAN-F. BLUMENTRITT,
BBG,NMMR,NORTH METRO MANILA 6,NMM-6,1263,TMO,Q.C.-TIMOG,
BBG,NMMR,NORTH METRO MANILA 6,NMM-6,6364,ORT,SAN JUAN-ETON SQUARE ORTIGAS,
BBG,NMMR,NORTH METRO MANILA 7,NMM-7,1282,MRK,MARIKINA-SHOE AVE.,
BBG,NMMR,NORTH METRO MANILA 7,NMM-7,1283,CCM,MARIKINA-CONCEPCION,
BBG,NMMR,NORTH METRO MANILA 7,NMM-7,1284,SEM,MARIKINA-CALUMPANG,
BBG,NMMR,NORTH METRO MANILA 7,NMM-7,1285,MTU,MARIKINA-A. TUAZON,
BBG,NMMR,NORTH METRO MANILA 7,NMM-7,1289,MLI,MARIKINA-LILAC,
BBG,NMMR,NORTH METRO MANILA 7,NMM-7,1301,ANG,RIZAL-ANGONO,
BBG,NMMR,NORTH METRO MANILA 7,NMM-7,1302,ATP,ANTIPOLO-P. OLIVEROS,
BBG,NMMR,NORTH METRO MANILA 7,NMM-7,1303,APL,ANTIPOLO-CIRCUMFERENTIAL,
BBG,NMMR,NORTH METRO MANILA 7,NMM-7,1304,CNT,CAINTA-VILLAGE EAST,
BBG,NMMR,NORTH METRO MANILA 7,NMM-7,1305,CNA,CAINTA-RS CITY SQUARE,
BBG,NMMR,NORTH METRO MANILA 7,NMM-7,1306,FLX,CAINTA-FELIX AVE.-SAN ISIDRO,
BBG,NMMR,NORTH METRO MANILA 7,NMM-7,1308,MNG,ANTIPOLO-SUMULONG-MASINAG,
BBG,NMMR,NORTH METRO MANILA 7,NMM-7,1309,PSG,PASIG-ORTIGAS EXT.,
BBG,NMMR,NORTH METRO MANILA 7,NMM-7,1310,RSE,PASIG-C. RAYMUNDO,
BBG,NMMR,NORTH METRO MANILA 7,NMM-7,1313,TNY,RIZAL-TANAY,
BBG,NMMR,NORTH METRO MANILA 7,NMM-7,1314,TYT,RIZAL-TAYTAY,
BBG,NMMR,NORTH METRO MANILA 7,NMM-7,6321,BRZ,RIZAL-BINANGONAN,
BBG,NOL,NORTHERN LUZON 1,NOL 1,2203,ALU,AGOO-SAN ANTONIO,
BBG,NOL,NORTHERN LUZON 1,NOL 1,2205,BGO,BAGUIO CITY-CENTER MALL,
BBG,NOL,NORTHERN LUZON 1,NOL 1,2252,BTK,MOUNTAIN PROVINCE-BONTOC,
BBG,NOL,NORTHERN LUZON 1,NOL 1,2258,LGW,IFUGAO-LAGAWE,
BBG,NOL,NORTHERN LUZON 1,NOL 1,2262,SLN,ISABELA-ALICIA,
BBG,NOL,NORTHERN LUZON 1,NOL 1,2276,API,CAGAYAN-APARRI,
BBG,NOL,NORTHERN LUZON 1,NOL 1,2277,BSC,BATANES-BASCO,
BBG,NOL,NORTHERN LUZON 1,NOL 1,2278,CWY,ISABELA-CAUAYAN,
BBG,NOL,NORTHERN LUZON 1,NOL 1,2279,CAI,ISABELA-CAUAYAN-MAHARLIKA HI-WAY,
BBG,NOL,NORTHERN LUZON 1,NOL 1,2280,CIL,ISABELA-CENTRO ILAGAN,
BBG,NOL,NORTHERN LUZON 1,NOL 1,2281,LGN,ISABELA-ILAGAN,
BBG,NOL,NORTHERN LUZON 1,NOL 1,2282,MLP,ISABELA-ROXAS,
BBG,NOL,NORTHERN LUZON 1,NOL 1,2283,SNM,CAGAYAN-SANCHEZ MIRA,
BBG,NOL,NORTHERN LUZON 1,NOL 1,2284,STG,ISABELA-SANTIAGO-MAHARLIKA,
BBG,NOL,NORTHERN LUZON 1,NOL 1,2286,TBK,KALINGA-TABUK,
BBG,NOL,NORTHERN LUZON 1,NOL 1,2287,TUO,CAGAYAN-TUAO,
BBG,NOL,NORTHERN LUZON 1,NOL 1,2288,TGR,CAGAYAN-TUGUEGARAO-BONIFACIO,
BBG,NOL,NORTHERN LUZON 1,NOL 1,2289,TUG,CAGAYAN-ROBINSONS MALL TUGUEGARAO,
BBG,NOL,NORTHERN LUZON 2,NOL 2,2201,ABA,BAGUIO CITY-RIZAL PARK,
BBG,NOL,NORTHERN LUZON 2,NOL 2,2206,LTR,BENGUET-LA TRINIDAD,
BBG,NOL,NORTHERN LUZON 2,NOL 2,2208,MSY,BAGUIO CITY-MAGSAYSAY AVE.,
BBG,NOL,NORTHERN LUZON 2,NOL 2,2209,NRB,BAGUIO CITY-NAGUILIAN ROAD,
BBG,NOL,NORTHERN LUZON 2,NOL 2,2226,BGD,ABRA-BANGUED,
BBG,NOL,NORTHERN LUZON 2,NOL 2,2227,BAN,ABRA-BANGUED-MAGALLANES,
BBG,NOL,NORTHERN LUZON 2,NOL 2,2228,BTC,ILOCOS NORTE-BATAC,
BBG,NOL,NORTHERN LUZON 2,NOL 2,2229,CDN,CANDON CITY-SAN ANTONIO,
BBG,NOL,NORTHERN LUZON 2,NOL 2,2230,CIS,CANDON CITY-NAT'L. HI-WAY,
BBG,NOL,NORTHERN LUZON 2,NOL 2,2231,LOG,LAOAG CITY-J.P. RIZAL,
BBG,NOL,NORTHERN LUZON 2,NOL 2,2232,LAO,LAOAG CITY-CASTRO,
BBG,NOL,NORTHERN LUZON 2,NOL 2,2233,NVC,ILOCOS SUR-NARVACAN,
BBG,NOL,NORTHERN LUZON 2,NOL 2,2234,PSQ,ILOCOS NORTE-PASUQUIN,
BBG,NOL,NORTHERN LUZON 2,NOL 2,2235,VIG,VIGAN CITY-FLORENTINO,
BBG,NOL,NORTHERN LUZON 2,NOL 2,2236,VGN,VIGAN CITY MARKET,
BBG,NOL,NORTHERN LUZON 3,NOL 3,2001,BLG,BULACAN-BALAGTAS,
BBG,NOL,NORTHERN LUZON 3,NOL 3,2002,BLW,BULACAN-BALIUAG,
BBG,NOL,NORTHERN LUZON 3,NOL 3,2003,BOC,BULACAN-BOCAUE,
BBG,NOL,NORTHERN LUZON 3,NOL 3,2004,MLL,MALOLOS CITY-STO. NIÑO,
BBG,NOL,NORTHERN LUZON 3,NOL 3,2005,MLS,MALOLOS CITY-MACARTHUR HI-WAY,
BBG,NOL,NORTHERN LUZON 3,NOL 3,2006,MYC,MEYCAUAYAN CITY-MACARTHUR-SALUYSOY,
BBG,NOL,NORTHERN LUZON 3,NOL 3,2007,MEY,MEYCAUAYAN CITY-ESPERANZA MALL,
BBG,NOL,NORTHERN LUZON 3,NOL 3,2008,PLD,BULACAN-PLARIDEL,
BBG,NOL,NORTHERN LUZON 3,NOL 3,2009,PUL,BULACAN-ROBINSONS PULILAN,
BBG,NOL,NORTHERN LUZON 3,NOL 3,2010,SJD,SAN JOSE DEL MONTE-QUIRINO HI-WAY,
BBG,NOL,NORTHERN LUZON 3,NOL 3,2011,SRA,BULACAN-SAN RAFAEL,
BBG,NOL,NORTHERN LUZON 3,NOL 3,2012,STM,BULACAN-STA. MARIA,
BBG,NOL,NORTHERN LUZON 3,NOL 3,2013,BPR,BULACAN-PULILAN-RIS6,
BBG,NOL,NORTHERN LUZON 3,NOL 3,2014,BSM,BULACAN-SAN MIGUEL,
BBG,NOL,NORTHERN LUZON 3,NOL 3,2285,SIS,SANTIAGO-PANGANIBAN,
BBG,NOL,NORTHERN LUZON 3,NOL 3,6304,GBC,BULACAN-GUIGUINTO,
BBG,NOL,NORTHERN LUZON 3,NOL 3,6319,OBA,BULACAN-OBANDO,
BBG,NOL,NORTHERN LUZON 4,NOL 4,2026,AGL,ANGELES-STO. ROSARIO,
BBG,NOL,NORTHERN LUZON 4,NOL 4,2027,AES,ANGELES-MACARTHUR HIGHWAY,
BBG,NOL,NORTHERN LUZON 4,NOL 4,2028,ALT,PAMPANGA-APALIT,
BBG,NOL,NORTHERN LUZON 4,NOL 4,2029,CPT,TARLAC-CAPAS,
BBG,NOL,NORTHERN LUZON 4,NOL 4,2030,CLF,PAMPANGA-CLARK FIELD,
BBG,NOL,NORTHERN LUZON 4,NOL 4,2031,CPC,TARLAC-CONCEPCION,
BBG,NOL,NORTHERN LUZON 4,NOL 4,2032,DAU,PAMPANGA-MABALACAT-DAU,
BBG,NOL,NORTHERN LUZON 4,NOL 4,2033,DLR,SAN FERNANDO CITY-DOLORES,
BBG,NOL,NORTHERN LUZON 4,NOL 4,2034,EGC,PAMPANGA-MEXICO-L' PLAZA,
BBG,NOL,NORTHERN LUZON 4,NOL 4,2035,CKP,PAMPANGA-MABALACAT-SKYTECH,
BBG,NOL,NORTHERN LUZON 4,NOL 4,2036,MBB,PAMPANGA-MACABEBE,
BBG,NOL,NORTHERN LUZON 4,NOL 4,2037,SGP,SAN FERNANDO CITY-SINDALAN,
BBG,NOL,NORTHERN LUZON 4,NOL 4,2038,SFP,SAN FERNANDO CITY-B. MENDOZA,
BBG,NOL,NORTHERN LUZON 4,NOL 4,2039,SFO,SAN FERNANDO CITY-A. CONSUNJI,
BBG,NOL,NORTHERN LUZON 4,NOL 4,2040,LPS,PAMPANGA-SAN SIMON,
BBG,NOL,NORTHERN LUZON 4,NOL 4,6344,MAR,BULACAN-MARILAO,
BBG,NOL,NORTHERN LUZON 5,NOL 5,2051,BLN,BATAAN-BALANGA,
BBG,NOL,NORTHERN LUZON 5,NOL 5,2052,BEP,BATAAN-MARIVELES-BEPZ,
BBG,NOL,NORTHERN LUZON 5,NOL 5,2053,DPH,BATAAN-DINALUPIHAN,
BBG,NOL,NORTHERN LUZON 5,NOL 5,2054,GGW,PAMPANGA-GUAGUA,
BBG,NOL,NORTHERN LUZON 5,NOL 5,2055,IBA,ZAMBALES-IBA-R. MAGSAYSAY AVE.,
BBG,NOL,NORTHERN LUZON 5,NOL 5,2056,LBO,PAMPANGA-LUBAO,
BBG,NOL,NORTHERN LUZON 5,NOL 5,2057,NZM,ZAMBALES-STA. CRUZ,
BBG,NOL,NORTHERN LUZON 5,NOL 5,2058,OGP,OLONGAPO CITY-RIZAL AVE.,
BBG,NOL,NORTHERN LUZON 5,NOL 5,2059,OLO,OLONGAPO CITY-MAGSAYSAY DRIVE,
BBG,NOL,NORTHERN LUZON 5,NOL 5,2060,ORN,BATAAN-ORANI,
BBG,NOL,NORTHERN LUZON 5,NOL 5,2061,SBC,OLONGAPO CITY-SUBIC BAY,
BBG,NOL,NORTHERN LUZON 5,NOL 5,6322,ORI,BATAAN-ORION,
BBG,NOL,NORTHERN LUZON 6,NOL 6,2077,CLG,PANGASINAN-BAYAMBANG,
BBG,NOL,NORTHERN LUZON 6,NOL 6,2079,DGP,DAGUPAN CITY-A.B. FERNANDEZ,
BBG,NOL,NORTHERN LUZON 6,NOL 6,2080,DAG,DAGUPAN CITY-A.B. FERNANDEZ-NABLE,
BBG,NOL,NORTHERN LUZON 6,NOL 6,2081,PER,DAGUPAN CITY-PEREZ BLVD.,
BBG,NOL,NORTHERN LUZON 6,NOL 6,2082,LGY,PANGASINAN-LINGAYEN,
BBG,NOL,NORTHERN LUZON 6,NOL 6,2083,MDN,PANGASINAN-MANGALDAN,
BBG,NOL,NORTHERN LUZON 6,NOL 6,2085,RSL,PANGASINAN-ROSALES,
BBG,NOL,NORTHERN LUZON 6,NOL 6,2086,SCP,PANGASINAN-SAN CARLOS CITY,
BBG,NOL,NORTHERN LUZON 6,NOL 6,2089,TYG,PANGASINAN-TAYUG,
BBG,NOL,NORTHERN LUZON 6,NOL 6,2090,URD,URDANETA CITY-NANCAYASAN,
BBG,NOL,NORTHERN LUZON 6,NOL 6,2091,LTB,URDANETA CITY-ALEXANDER,
BBG,NOL,NORTHERN LUZON 6,NOL 6,2202,AGO,AGOO-CONSOLACION,
BBG,NOL,NORTHERN LUZON 6,NOL 6,2207,LUN,LA UNION-SAN FERNANDO PLAZA,
BBG,NOL,NORTHERN LUZON 6,NOL 6,2210,SFU,LA UNION-SAN FERNANDO-QUEZON AVE.,
BBG,NOL,NORTHERN LUZON 6,NOL 6,6354,CLS,PANGASINAN-CALASIAO,
BBG,NOL,NORTHERN LUZON 7,NOL 7,2078,CML,TARLAC-CAMILING,
BBG,NOL,NORTHERN LUZON 7,NOL 7,2084,PNQ,TARLAC-PANIQUI,
BBG,NOL,NORTHERN LUZON 7,NOL 7,2087,TRC,TARLAC CITY-F. TAÑEDO,
BBG,NOL,NORTHERN LUZON 7,NOL 7,2088,TAR,TARLAC CITY-ZAMORA,
BBG,NOL,NORTHERN LUZON 7,NOL 7,2251,BMB,NUEVA VIZCAYA-BAYOMBONG,
BBG,NOL,NORTHERN LUZON 7,NOL 7,2253,CAB,CABANATUAN-CENTRAL MARKET,
BBG,NOL,NORTHERN LUZON 7,NOL 7,2254,CBP,CABANATUAN-MAHARLIKA,
BBG,NOL,NORTHERN LUZON 7,NOL 7,2255,GPN,NUEVA ECIJA-GAPAN-SAN VICENTE,
BBG,NOL,NORTHERN LUZON 7,NOL 7,2257,GMB,NUEVA ECIJA-GUIMBA,
BBG,NOL,NORTHERN LUZON 7,NOL 7,2259,MNZ,NUEVA ECIJA-MUÑOZ,
BBG,NOL,NORTHERN LUZON 7,NOL 7,2260,SJE,NUEVA ECIJA-SAN JOSE,
BBG,NOL,NORTHERN LUZON 7,NOL 7,2261,STN,CABANATUAN-DICARMA,
BBG,NOL,NORTHERN LUZON 7,NOL 7,2263,SOL,NUEVA VIZCAYA-SOLANO,
BBG,NOL,NORTHERN LUZON 7,NOL 7,2264,NES,NUEVA ECIJA-STA. ROSA,
BBG,NOL,NORTHERN LUZON 7,NOL 7,6340,BLR,AURORA-BALER,
BBG,NOL,NORTHERN LUZON 8,NOL 8,2256,GPP,NUEVA ECIJA-GAPAN-POBLACION,
BBG,NORTH NMMR,NORTH METRO MANILA 6,NMM-6,1264,SJW,SAN JUAN-WEST CRAME,
BBG,SMMR,SOUTH METRO MANILA 1,SMM-1,1601,BND,BINONDO-SAN FERNANDO,
BBG,SMMR,SOUTH METRO MANILA 1,SMM-1,1602,MCC,BINONDO-QUINTIN PAREDES,
BBG,SMMR,SOUTH METRO MANILA 1,SMM-1,1603,DVI,DIVISORIA-STO. CRISTO-C.M. RECTO,
BBG,SMMR,SOUTH METRO MANILA 1,SMM-1,1605,DIV,DIVISORIA-STO. CRISTO,
BBG,SMMR,SOUTH METRO MANILA 1,SMM-1,1606,ECA,DIVISORIA-ELCANO,
BBG,SMMR,SOUTH METRO MANILA 1,SMM-1,1608,JLA,BINONDO-NUEVA,
BBG,SMMR,SOUTH METRO MANILA 1,SMM-1,1609,JLN,DIVISORIA-JUAN LUNA,
BBG,SMMR,SOUTH METRO MANILA 1,SMM-1,1611,PDC,BINONDO-PLAZA DEL CONDE,
BBG,SMMR,SOUTH METRO MANILA 1,SMM-1,1612,SNI,BINONDO-SAN NICOLAS,
BBG,SMMR,SOUTH METRO MANILA 1,SMM-1,1613,TAO,MANILA-T. ALONZO,
BBG,SMMR,SOUTH METRO MANILA 1,SMM-1,1614,BLT,MANILA-BENAVIDEZ-LA TORRE,
BBG,SMMR,SOUTH METRO MANILA 1,SMM-1,1626,AUB,DIVISORIA-168 MALL,
BBG,SMMR,SOUTH METRO MANILA 1,SMM-1,1632,PAD,MANILA-PADRE RADA,
BBG,SMMR,SOUTH METRO MANILA 1,SMM-1,1633,PTL,MANILA-PRITIL-CAPULONG,
BBG,SMMR,SOUTH METRO MANILA 1,SMM-1,1634,RER,BINONDO-REINA REGENTE,
BBG,SMMR,SOUTH METRO MANILA 1,SMM-1,1636,TDO,MANILA-TONDO-JUAN LUNA,
BBG,SMMR,SOUTH METRO MANILA 1,SMM-1,1638,TTB,MANILA-TUTUBAN MALL,
BBG,SMMR,SOUTH METRO MANILA 1,SMM-1,1656,MSK,BINONDO-MASANGKAY,
BBG,SMMR,SOUTH METRO MANILA 1,SMM-1,1679,INT,MANILA-INTRAMUROS-CATHEDRAL,
BBG,SMMR,SOUTH METRO MANILA 1,SMM-1,6363,ONG,MANILA-ONGPIN,
BBG,SMMR,SOUTH METRO MANILA 2,SMM-2,1201,BBC,MANILA-G. TUAZON,
BBG,SMMR,SOUTH METRO MANILA 2,SMM-2,1204,DPT,MANILA-DAPITAN,
BBG,SMMR,SOUTH METRO MANILA 2,SMM-2,1205,DPG,MANILA-MACEDA-LAON LAAN,
BBG,SMMR,SOUTH METRO MANILA 2,SMM-2,1607,ESC,MANILA-ESCOLTA,
BBG,SMMR,SOUTH METRO MANILA 2,SMM-2,1627,BMK,MANILA-BAMBANG-MASANGKAY,
BBG,SMMR,SOUTH METRO MANILA 2,SMM-2,1628,BLU,MANILA-BLUMENTRITT-L. RIVERA,
BBG,SMMR,SOUTH METRO MANILA 2,SMM-2,1629,BLM,MANILA-RIZAL AVE.-LAGUNA,
BBG,SMMR,SOUTH METRO MANILA 2,SMM-2,1630,JAS,MANILA-J. ABAD SANTOS-BAMBANG,
BBG,SMMR,SOUTH METRO MANILA 2,SMM-2,1631,NBA,MANILA-NORTH BAY,
BBG,SMMR,SOUTH METRO MANILA 2,SMM-2,1635,RZL,MANILA-RIZAL AVE.-HERRERA,
BBG,SMMR,SOUTH METRO MANILA 2,SMM-2,1637,ABS,MANILA-JOSE ABAD SANTOS,
BBG,SMMR,SOUTH METRO MANILA 2,SMM-2,1651,ARQ,MANILA-ARRANQUE,
BBG,SMMR,SOUTH METRO MANILA 2,SMM-2,1652,PLC,MANILA-QUIAPO-C. PALANCA,
BBG,SMMR,SOUTH METRO MANILA 2,SMM-2,1654,ERW,MANILA-EARNSHAW,
BBG,SMMR,SOUTH METRO MANILA 2,SMM-2,1657,MRT,MANILA-MORAYTA,
BBG,SMMR,SOUTH METRO MANILA 2,SMM-2,1659,QPO,MANILA-FUGOSO ST.,
BBG,SMMR,SOUTH METRO MANILA 2,SMM-2,1660,UER,MANILA-U.E. RECTO,
BBG,SMMR,SOUTH METRO MANILA 3,SMM-3,1503,BSP,MANILA-BSP,
BBG,SMMR,SOUTH METRO MANILA 3,SMM-3,1516,LQB,Q.C.-BSP,
BBG,SMMR,SOUTH METRO MANILA 3,SMM-3,1655,JPL,MANILA-J.P. LAUREL,
BBG,SMMR,SOUTH METRO MANILA 3,SMM-3,1676,RMT,MANILA-ERMITA-ROXAS BLVD.,
BBG,SMMR,SOUTH METRO MANILA 3,SMM-3,1677,ERM,MANILA-ERMITA-U.N. AVE.,
BBG,SMMR,SOUTH METRO MANILA 3,SMM-3,1682,PND,MANILA-PANDACAN,
BBG,SMMR,SOUTH METRO MANILA 3,SMM-3,1683,PGH,MANILA-PGH,
BBG,SMMR,SOUTH METRO MANILA 3,SMM-3,1685,UNA,MANILA-U.N. AVE.,
BBG,SMMR,SOUTH METRO MANILA 3,SMM-3,1701,ADR,MANILA-MALATE-ADRIATICO,
BBG,SMMR,SOUTH METRO MANILA 3,SMM-3,1702,CPS,MANILA-CENTURY PARK HOTEL,
BBG,SMMR,SOUTH METRO MANILA 3,SMM-3,1703,PLZ,MANILA-P. OCAMPO SR.,
BBG,SMMR,SOUTH METRO MANILA 3,SMM-3,1704,LGT,MANILA-LEON GUINTO,
BBG,SMMR,SOUTH METRO MANILA 3,SMM-3,1705,MLT,MANILA-MALATE-TAFT,
BBG,SMMR,SOUTH METRO MANILA 3,SMM-3,1706,PAC,MANILA-PACO-PEDRO GIL,
BBG,SMMR,SOUTH METRO MANILA 3,SMM-3,1707,RMS,MANILA-REMEDIOS,
BBG,SMMR,SOUTH METRO MANILA 3,SMM-3,1708,SDR,MANILA-SAN ANDRES,
BBG,SMMR,SOUTH METRO MANILA 4,SMM-4,1111,MKT,MAKATI-ALLIED BANK CENTER,
BBG,SMMR,SOUTH METRO MANILA 4,SMM-4,1401,AGE,MAKATI-AGUIRRE,
BBG,SMMR,SOUTH METRO MANILA 5,SMM-4,1402,AMO,MAKATI-AMORSOLO,
BBG,SMMR,SOUTH METRO MANILA 6,SMM-4,1403,AYA,MAKATI-AYALA AVE.,
BBG,SMMR,SOUTH METRO MANILA 4,SMM-4,1404,BVD,MAKATI-BENAVIDEZ,
BBG,SMMR,SOUTH METRO MANILA 4,SMM-4,1407,GBE,MAKATI-GREENBELT,
BBG,SMMR,SOUTH METRO MANILA 4,SMM-4,1408,LGV,MAKATI-SALCEDO ST.-LEGASPI VILLAGE,
BBG,SMMR,SOUTH METRO MANILA 4,SMM-4,1409,MPB,MAKATI-C. PALANCA,
BBG,SMMR,SOUTH METRO MANILA 4,SMM-4,1410,MPO,MAKATI-P. OCAMPO,
BBG,SMMR,SOUTH METRO MANILA 4,SMM-4,1413,SLO,MAKATI-SAN LORENZO,
BBG,SMMR,SOUTH METRO MANILA 4,SMM-4,1414,SLA,MAKATI-SAN LORENZO-ARNAIZ,
BBG,SMMR,SOUTH METRO MANILA 4,SMM-4,1415,MAY,MAKATI-AYALA RUFINO,
BBG,SMMR,SOUTH METRO MANILA 4,SMM-4,1438,SCD,MAKATI-LEVISTE ST.-SALCEDO VILLAGE,
BBG,SMMR,SOUTH METRO MANILA 4,SMM-4,1439,SAV,MAKATI-DELA COSTA,
BBG,SMMR,SOUTH METRO MANILA 6,SMM-4,1604,DMK,MAKATI-LEGASPI SOTTO,
BBG,SMMR,SOUTH METRO MANILA 5,SMM-5,1428,BDA,MAKATI-BUENDIA-DIAN,
BBG,SMMR,SOUTH METRO MANILA 5,SMM-5,1431,GPY,MAKATI-ETON YAKAL,
BBG,SMMR,SOUTH METRO MANILA 5,SMM-5,1436,PTK,MAKATI-METROPOLITAN AVENUE,
BBG,SMMR,SOUTH METRO MANILA 7,SMM-5,1493,PQA,PARAÑAQUE-ASEANA CITY,
BBG,SMMR,SOUTH METRO MANILA 5,SMM-5,1504,CRT,PASAY-CARTIMAR,
BBG,SMMR,SOUTH METRO MANILA 5,SMM-5,1506,EDB,MAKATI-BUENDIA-EDISON,
BBG,SMMR,SOUTH METRO MANILA 5,SMM-5,1507,EDX,PASAY-EDSA EXTENSION,
BBG,SMMR,SOUTH METRO MANILA 5,SMM-5,1508,GSS,PASAY-GSIS,
BBG,SMMR,SOUTH METRO MANILA 5,SMM-5,1510,PAS,PASAY-BACLARAN,
BBG,SMMR,SOUTH METRO MANILA 5,SMM-5,1511,PED,MAKATI-BANGKAL,
BBG,SMMR,SOUTH METRO MANILA 5,SMM-5,1513,PSY,PASAY-TAFT,
BBG,SMMR,SOUTH METRO MANILA 5,SMM-5,1514,RXB,PASAY-ROXAS BLVD.,
BBG,SMMR,SOUTH METRO MANILA 5,SMM-5,1515,VAB,PASAY-VILLAMOR AIR BASE,
BBG,SMMR,SOUTH METRO MANILA 5,SMM-5,1518,PCW,PASAY-CORAL WAY,
BBG,SMMR,SOUTH METRO MANILA 5,SMM-5,1519,PDD,PASAY-MACAPAGAL-DD MERIDIAN,
BBG,SMMR,SOUTH METRO MANILA 5,SMM-5,1888,MBR,HEAD OFFICE CENTER,
BBG,SMMR,SOUTH METRO MANILA 5,SMM-5,6358,PSC,PASAY-GIL PUYAT,
BBG,SMMR,SOUTH METRO MANILA 6,SMM-6,1211,RKW,MAKATI-ROCKWELL CENTER,
BBG,SMMR,SOUTH METRO MANILA 5,SMM-6,1406,DSM,MAKATI-DASMARIÑAS VILLAGE,
BBG,SMMR,SOUTH METRO MANILA 5,SMM-6,1411,PMO,MAKATI-PASONG TAMO,
BBG,SMMR,SOUTH METRO MANILA 6,SMM-6,1412,PMP,MAKATI-BUENDIA-PETRON MEGA PLAZA,
BBG,SMMR,SOUTH METRO MANILA 6,SMM-6,1426,BAM,MAKATI-BEL-AIR,
BBG,SMMR,SOUTH METRO MANILA 6,SMM-6,1429,FBI,BGC-INFINITY,
BBG,SMMR,SOUTH METRO MANILA 6,SMM-6,1432,BGC,BGC-LUXE RESIDENCES,
BBG,SMMR,SOUTH METRO MANILA 6,SMM-6,1433,GLP,MAKATI-GUADALUPE,
BBG,SMMR,SOUTH METRO MANILA 6,SMM-6,1434,MKP,MAKATI-POBLACION,
BBG,SMMR,SOUTH METRO MANILA 6,SMM-6,1440,FBC,BGC-BURGOS CIRCLE,
BBG,SMMR,SOUTH METRO MANILA 6,SMM-6,1441,BGS,BGC-7TH AVENUE,
BBG,SMMR,SOUTH METRO MANILA 6,SMM-6,1444,BGW,BGC-WORLD PLAZA,
BBG,SMMR,SOUTH METRO MANILA 6,SMM-6,1445,BOM,BGC-ONE MCKINLEY PLACE,
BBG,SMMR,SOUTH METRO MANILA 6,SMM-6,1446,BWC,BGC-W CITY CENTER,
BBG,SMMR,SOUTH METRO MANILA 6,SMM-6,1447,BOR,BGC-ORE CENTRAL,
BBG,SMMR,SOUTH METRO MANILA 6,SMM-6,1448,BGM,BGC-MENARCO,
BBG,SMMR,SOUTH METRO MANILA 7,SMM-6,6347,PAT,PATEROS-ALMEDA,
BBG,SMMR,SOUTH METRO MANILA 6,SMM-6,6348,BGT,BGC-10TH AVENUE,
BBG,SMMR,SOUTH METRO MANILA 7,SMM-7,1442,TMW,TAGUIG-MCKINLEY WEST,
BBG,SMMR,SOUTH METRO MANILA 7,SMM-7,1443,TBY,TAGUIG-BAYANI ROAD,
BBG,SMMR,SOUTH METRO MANILA 7,SMM-7,1476,BRL,PARAÑAQUE-BETTER LIVING,
BBG,SMMR,SOUTH METRO MANILA 7,SMM-7,1477,BFH,PARAÑAQUE-BF HOMES-PRES. AVE.,
BBG,SMMR,SOUTH METRO MANILA 7,SMM-7,1478,BFA,PARAÑAQUE-BF HOMES-AGUIRRE AVENUE,
BBG,SMMR,SOUTH METRO MANILA 7,SMM-7,1482,FTI,TAGUIG-FTI COMPLEX,
BBG,SMMR,SOUTH METRO MANILA 7,SMM-7,1483,MIA,NAIA 1-DEPARTURE AREA,
BBG,SMMR,SOUTH METRO MANILA 7,SMM-7,1485,NAI,NAIA 2-DEPARTURE AREA,
BBG,SMMR,SOUTH METRO MANILA 7,SMM-7,1486,NYP,NAIA 3-ARRIVAL AREA,
BBG,SMMR,SOUTH METRO MANILA 7,SMM-7,1487,NYA,PARAÑAQUE-OYSTER PLAZA,
BBG,SMMR,SOUTH METRO MANILA 7,SMM-7,1490,SCT,PARAÑAQUE-SUCAT-A. SANTOS,
BBG,SMMR,SOUTH METRO MANILA 7,SMM-7,1491,SUT,PARAÑAQUE-SUCAT-EVACOM,
BBG,SMMR,SOUTH METRO MANILA 7,SMM-7,1492,UPQ,PARAÑAQUE-EAST SERVICE ROAD,
BBG,SMMR,SOUTH METRO MANILA 7,SMM-7,1494,PBR,PARAÑAQUE-BETTER LIVING RUSSIA,
BBG,SMMR,SOUTH METRO MANILA 7,SMM-7,1505,DTC,PASAY-DOMESTIC AIRPORT RD.,
BBG,SMMR,SOUTH METRO MANILA 7,SMM-7,6326,TTC,TAGUIG-BAGONG CALZADA,
BBG,SMMR,SOUTH METRO MANILA 8,SMM-8,1451,ALP,LAS PIÑAS-AGUILAR AVENUE,
BBG,SMMR,SOUTH METRO MANILA 8,SMM-8,1452,ALL,LAS PIÑAS-ONE TOWNSQUARE PLACE,
BBG,SMMR,SOUTH METRO MANILA 8,SMM-8,1453,ABM,MUNTINLUPA-ALABANG-MADRIGAL BUSINESS PARK,
BBG,SMMR,SOUTH METRO MANILA 8,SMM-8,1454,AMZ,LAS PIÑAS-ALMANZA UNO,
BBG,SMMR,SOUTH METRO MANILA 8,SMM-8,1455,ALM,MUNTINLUPA-ALABANG-AYALA SOUTH PARK,
BBG,SMMR,SOUTH METRO MANILA 8,SMM-8,1456,TUN,MUNTINLUPA-BELLEVUE-FILINVEST,
BBG,SMMR,SOUTH METRO MANILA 8,SMM-8,1457,FIA,MUNTINLUPA-FILINVEST AVENUE,
BBG,SMMR,SOUTH METRO MANILA 8,SMM-8,1458,LSP,LAS PIÑAS-CITY HALL,
BBG,SMMR,SOUTH METRO MANILA 8,SMM-8,1459,LAS,LAS PIÑAS-ALMANZA,
BBG,SMMR,SOUTH METRO MANILA 8,SMM-8,1460,MTL,MUNTINLUPA-NATIONAL ROAD,
BBG,SMMR,SOUTH METRO MANILA 8,SMM-8,1461,NLP,LAS PIÑAS-NAGA ROAD,
BBG,SMMR,SOUTH METRO MANILA 8,SMM-8,1462,PMN,LAS PIÑAS-PAMPLONA,
BBG,SMMR,SOUTH METRO MANILA 8,SMM-8,1464,URT,MUNTINLUPA-EAST SERVICE ROAD,
BBG,SMMR,SOUTH METRO MANILA 8,SMM-8,1465,ZPT,LAS PIÑAS-ZAPOTE,
BBG,SMMR,SOUTH METRO MANILA 8,SMM-8,6331,LPP,LAS PIÑAS-PAMPLONA-RCS ARCADE,
BBG,SMMR,SOUTH METRO MANILA 8,SMM-8,6369,LLP,LAS PIÑAS CITY-BF RESORT VILLAGE,
BBG,SOL,SOUTHERN LUZON 1,SOL 1,2401,BLY,BATANGAS-BALAYAN,
BBG,SOL,SOUTHERN LUZON 1,SOL 1,2402,BTS,BATANGAS CITY-P. BURGOS,
BBG,SOL,SOUTHERN LUZON 1,SOL 1,2403,BKM,BATANGAS CITY-KUMINTANG,
BBG,SOL,SOUTHERN LUZON 1,SOL 1,2404,BAT,BATANGAS CITY-PALLOCAN WEST,
BBG,SOL,SOUTHERN LUZON 1,SOL 1,2405,BAU,BATANGAS-BAUAN,
BBG,SOL,SOUTHERN LUZON 1,SOL 1,2407,LMR,BATANGAS-LEMERY,
BBG,SOL,SOUTHERN LUZON 1,SOL 1,2408,LPA,LIPA CITY-B. MORADA,
BBG,SOL,SOUTHERN LUZON 1,SOL 1,2409,LIP,LIPA CITY-AYALA HIGHWAY,
BBG,SOL,SOUTHERN LUZON 1,SOL 1,2412,NSB,BATANGAS-NASUGBU,
BBG,SOL,SOUTHERN LUZON 1,SOL 1,2489,TNU,BATANGAS-TANAUAN,
BBG,SOL,SOUTHERN LUZON 1,SOL 1,6309,MAB,BATANGAS-MABINI,
BBG,SOL,SOUTHERN LUZON 1,SOL 1,6316,TAN,BATANGAS-TANAUAN-VICTORY MALL,
BBG,SOL,SOUTHERN LUZON 1,SOL 1,6328,BTG,BATANGAS CITY-DIEGO SILANG,
BBG,SOL,SOUTHERN LUZON 1,SOL 1,6342,BTM,BATANGAS-MALVAR,
BBG,SOL,SOUTHERN LUZON 1,SOL 1,6349,ROS,BATANGAS-ROSARIO,
BBG,SOL,SOUTHERN LUZON 1,SOL 1,6366,STB,BATANGAS-STO. TOMAS MARKET,
BBG,SOL,SOUTHERN LUZON 2,SOL 2,2427,BRP,BACOOR CITY-PANAPAAN,
BBG,SOL,SOUTHERN LUZON 2,SOL 2,2428,CVC,CAVITE CITY-CARIDAD,
BBG,SOL,SOUTHERN LUZON 2,SOL 2,2429,CDM,DASMARIÑAS-AGUINALDO HI-WAY,
BBG,SOL,SOUTHERN LUZON 2,SOL 2,2430,CVT,CAVITE-GEN. TRIAS,
BBG,SOL,SOUTHERN LUZON 2,SOL 2,2431,CEP,CAVITE-ROSARIO-CEPZ,
BBG,SOL,SOUTHERN LUZON 2,SOL 2,2432,DMS,DASMARIÑAS-SALITRAN,
BBG,SOL,SOUTHERN LUZON 2,SOL 2,2433,IMS,CAVITE-IMUS BAYAN,
BBG,SOL,SOUTHERN LUZON 2,SOL 2,2434,IMU,CAVITE-IMUS-AGUINALDO,
BBG,SOL,SOUTHERN LUZON 2,SOL 2,2435,KWT,CAVITE-KAWIT-BINAKAYAN,
BBG,SOL,SOUTHERN LUZON 2,SOL 2,2436,MLN,BACOOR CITY-MOLINO,
BBG,SOL,SOUTHERN LUZON 2,SOL 2,2437,NAC,CAVITE-NAIC,
BBG,SOL,SOUTHERN LUZON 2,SOL 2,2438,SLG,CAVITE-SILANG,
BBG,SOL,SOUTHERN LUZON 2,SOL 2,2439,TGY,TAGAYTAY-MENDEZ,
BBG,SOL,SOUTHERN LUZON 2,SOL 2,2440,TGT,TAGAYTAY-AGUINALDO,
BBG,SOL,SOUTHERN LUZON 2,SOL 2,2441,TNZ,CAVITE-TANZA,
BBG,SOL,SOUTHERN LUZON 2,SOL 2,2458,PCT,LAGUNA-SOUTHWOODS,
BBG,SOL,SOUTHERN LUZON 2,SOL 2,2465,LCK,CAVITE-KAWIT-CENTENNIAL ROAD,
BBG,SOL,SOUTHERN LUZON 2,SOL 2,2466,LCS,CAVITE-SILANG-LUCSUHIN,
BBG,SOL,SOUTHERN LUZON 2,SOL 2,2467,CTM,CAVITE-TRECE MARTIRES,
BBG,SOL,SOUTHERN LUZON 3,SOL 3,2451,BNN,LAGUNA-BIÑAN,
BBG,SOL,SOUTHERN LUZON 3,SOL 3,2452,BIN,CAVITE-CARMONA,
BBG,SOL,SOUTHERN LUZON 3,SOL 3,2453,CBY,LAGUNA-CABUYAO-ABI,
BBG,SOL,SOUTHERN LUZON 3,SOL 3,2454,CLB,LAGUNA-CALAMBA-POBLACION,
BBG,SOL,SOUTHERN LUZON 3,SOL 3,2455,CMB,LAGUNA-CALAMBA-PARIAN,
BBG,SOL,SOUTHERN LUZON 3,SOL 3,2456,BUC,LAGUNA-CALAMBA-BUCAL,
BBG,SOL,SOUTHERN LUZON 3,SOL 3,2457,CLX,LAGUNA-CALAMBA CROSSING,
BBG,SOL,SOUTHERN LUZON 3,SOL 3,2459,PSR,LAGUNA-PASEO DE SANTA ROSA,
BBG,SOL,SOUTHERN LUZON 3,SOL 3,2460,SPD,LAGUNA-SAN PEDRO,
BBG,SOL,SOUTHERN LUZON 3,SOL 3,2461,SPL,LAGUNA-SAN PEDRO-NAT'L. HI-WAY,
BBG,SOL,SOUTHERN LUZON 3,SOL 3,2462,STR,LAGUNA-STA. ROSA,
BBG,SOL,SOUTHERN LUZON 3,SOL 3,2463,LSR,LAGUNA-CABUYAO-CENTRO MALL,
BBG,SOL,SOUTHERN LUZON 3,SOL 3,2464,UPL,LAGUNA-UPLB,
BBG,SOL,SOUTHERN LUZON 3,SOL 3,2484,SNP,LAGUNA-SAN PABLO CITY COLAGO,
BBG,SOL,SOUTHERN LUZON 3,SOL 3,2485,SPB,LAGUNA-SAN PABLO CITY,
BBG,SOL,SOUTHERN LUZON 3,SOL 3,2486,SNL,LAGUNA-SINILOAN,
BBG,SOL,SOUTHERN LUZON 3,SOL 3,2487,STC,LAGUNA-STA. CRUZ-P. GUEVARRA,
BBG,SOL,SOUTHERN LUZON 3,SOL 3,2488,SCL,LAGUNA-STA. CRUZ-REGIDOR,
BBG,SOL,SOUTHERN LUZON 4,SOL 4,2476,AMN,QUEZON-ATIMONAN,
BBG,SOL,SOUTHERN LUZON 4,SOL 4,2478,CND,QUEZON-CANDELARIA,
BBG,SOL,SOUTHERN LUZON 4,SOL 4,2479,GMC,QUEZON-GUMACA,
BBG,SOL,SOUTHERN LUZON 4,SOL 4,2480,LOP,QUEZON-LOPEZ,
BBG,SOL,SOUTHERN LUZON 4,SOL 4,2481,LCA,LUCENA CITY-QUEZON AVE.,
BBG,SOL,SOUTHERN LUZON 4,SOL 4,2482,LUQ,LUCENA CITY-ENRIQUEZ,
BBG,SOL,SOUTHERN LUZON 4,SOL 4,2483,MLK,MARINDUQUE-STA. CRUZ,
BBG,SOL,SOUTHERN LUZON 4,SOL 4,2501,DET,CAMARINES NORTE-DAET-CARLOS II,
BBG,SOL,SOUTHERN LUZON 4,SOL 4,2502,DCN,CAMARINES NORTE-DAET-PIMENTEL AVE.,
BBG,SOL,SOUTHERN LUZON 4,SOL 4,6324,INF,QUEZON-INFANTA,
BBG,SOL,SOUTHERN LUZON 4,SOL 4,6333,LUC,LUCENA CITY-RED V,
BBG,SOL,SOUTHERN LUZON 4,SOL 4,6356,PBL,QUEZON-PAGBILAO,
BBG,SOL,SOUTHERN LUZON 4,SOL 4,6362,LBN,QUEZON-LUCBAN,
BBG,SOL,SOUTHERN LUZON 5,SOL 5,2426,BQR,BACOOR CITY-AGUINALDO HI-WAY,
BBG,SOL,SOUTHERN LUZON 5,SOL 5,2503,GOA,CAMARINES SUR-GOA,
BBG,SOL,SOUTHERN LUZON 5,SOL 5,2504,IRG,IRIGA CITY-SAN ROQUE,
BBG,SOL,SOUTHERN LUZON 5,SOL 5,2505,LGO,ALBAY-LIGAO,
BBG,SOL,SOUTHERN LUZON 5,SOL 5,2506,NGA,NAGA CITY-GEN. LUNA,
BBG,SOL,SOUTHERN LUZON 5,SOL 5,2507,NAX,NAGA CITY-MAGSAYSAY AVE.,
BBG,SOL,SOUTHERN LUZON 5,SOL 5,2508,NAG,NAGA CITY-PANGANIBAN,
BBG,SOL,SOUTHERN LUZON 5,SOL 5,2509,PLI,CAMARINES SUR-PILI,
BBG,SOL,SOUTHERN LUZON 5,SOL 5,2510,PLG,ALBAY-POLANGUI,
BBG,SOL,SOUTHERN LUZON 5,SOL 5,2527,BNS,SORSOGON-BULAN,
BBG,SOL,SOUTHERN LUZON 5,SOL 5,2528,DRG,ALBAY-DARAGA,
BBG,SOL,SOUTHERN LUZON 5,SOL 5,2529,LGS,LEGAZPI CITY-DON B. ERQUIAGA,
BBG,SOL,SOUTHERN LUZON 5,SOL 5,2530,LGP,LEGAZPI CITY-IMPERIAL,
BBG,SOL,SOUTHERN LUZON 5,SOL 5,2531,MBT,MASBATE CITY,
BBG,SOL,SOUTHERN LUZON 5,SOL 5,2532,SSN,SORSOGON CITY-RIZAL,
BBG,SOL,SOUTHERN LUZON 5,SOL 5,2533,SSG,SORSOGON CITY-MAGSAYSAY,
BBG,SOL,SOUTHERN LUZON 5,SOL 5,2534,TBC,ALBAY-TABACO,
BBG,SOL,SOUTHERN LUZON 5,SOL 5,2535,VRC,CATANDUANES-VIRAC,
BBG,SOL,SOUTHERN LUZON 6,SOL 6,2406,CPN,OR. MINDORO-CALAPAN,
BBG,SOL,SOUTHERN LUZON 6,SOL 6,2410,MBU,OCC. MINDORO-MAMBURAO,
BBG,SOL,SOUTHERN LUZON 6,SOL 6,2411,MGR,OCC. MINDORO-SAN JOSE,
BBG,SOL,SOUTHERN LUZON 6,SOL 6,2413,ODN,ROMBLON-ODIONGAN,
BBG,SOL,SOUTHERN LUZON 6,SOL 6,2414,PML,OR. MINDORO-PINAMALAYAN,
BBG,SOL,SOUTHERN LUZON 6,SOL 6,2415,RMB,ROMBLON-REPUBLIKA,
BBG,SOL,SOUTHERN LUZON 6,SOL 6,2526,AYC,LEGAZPI CITY-ALBAY CAPITOL,
BBG,SOL,SOUTHERN LUZON 6,SOL 6,6302,PIN,OR. MINDORO-PINAMALAYAN MALVAR,
BBG,SOL,SOUTHERN LUZON 6,SOL 6,6303,ROM,OR. MINDORO-ROXAS,
BBG,SOL,SOUTHERN LUZON 6,SOL 6,6305,BOO,OR. MINDORO-BONGABONG,
BBG,SOL,SOUTHERN LUZON 6,SOL 6,6306,VIC,OR. MINDORO-VICTORIA,
BBG,SOL,SOUTHERN LUZON 6,SOL 6,6314,PGR,OR. MINDORO-PUERTO GALERA,
BBG,VISAYAS,VISAYAS 1,VISAYAS 1,1488,PTO,PALAWAN-PUERTO PRINCESA-VALENCIA,
BBG,VISAYAS,VISAYAS 1,VISAYAS 1,1489,PPP,PALAWAN-PUERTO PRINCESA-SAN PEDRO,
BBG,VISAYAS,VISAYAS 1,VISAYAS 1,3003,CBU,CEBU-M.C. BRIONES,
BBG,VISAYAS,VISAYAS 1,VISAYAS 1,3004,CLN,CEBU-COLON,
BBG,VISAYAS,VISAYAS 1,VISAYAS 1,3005,FTO,CEBU-FUENTE OSMEÑA,
BBG,VISAYAS,VISAYAS 1,VISAYAS 1,3006,FOS,CEBU-ESCARIO,
BBG,VISAYAS,VISAYAS 1,VISAYAS 1,3007,GOR,CEBU BUSINESS PARK,
BBG,VISAYAS,VISAYAS 1,VISAYAS 1,3008,JKM,CEBU-JAKOSALEM,
BBG,VISAYAS,VISAYAS 1,VISAYAS 1,3009,LHG,CEBU-LAHUG,pnb_lahug@pnb.com.ph
BBG,VISAYAS,VISAYAS 1,VISAYAS 1,3010,OPC,CEBU-BANAWA,
BBG,VISAYAS,VISAYAS 1,VISAYAS 1,3011,CIP,CEBU I.T. PARK,
BBG,VISAYAS,VISAYAS 1,VISAYAS 1,3012,UCB,CEBU UPTOWN,
BBG,VISAYAS,VISAYAS 1,VISAYAS 1,3051,CBN,CEBU-CARBON,
BBG,VISAYAS,VISAYAS 1,VISAYAS 1,3054,MMB,CEBU-MAMBALING,
BBG,VISAYAS,VISAYAS 1,VISAYAS 1,3055,MIN,CEBU-MINGLANILLA,
BBG,VISAYAS,VISAYAS 1,VISAYAS 1,3056,TBN,CEBU-TABUNOK NAT'L. HI-WAY,
BBG,VISAYAS,VISAYAS 1,VISAYAS 1,3057,TAB,CEBU-TABUNOK-TALISAY,
BBG,VISAYAS,VISAYAS 1,VISAYAS 1,6361,MCB,CEBU-MABOLO,
CCU,VISAYAS,VISAYAS 1,VISAYAS 1,8020,,CEBU LOANS SERVICE CENTER,
BBG,VISAYAS,VISAYAS 2,VISAYAS 2,3001,BNL,CEBU-BANILAD-MA. LUISA PARK,
BBG,VISAYAS,VISAYAS 2,VISAYAS 2,3002,BLA,CEBU-BANILAD-FORTUNA,
BBG,VISAYAS,VISAYAS 2,VISAYAS 2,3026,ACS,CEBU-MANDAUE-A. CORTES,
BBG,VISAYAS,VISAYAS 2,VISAYAS 2,3027,BAA,CEBU-BANTAYAN,
BBG,VISAYAS,VISAYAS 2,VISAYAS 2,3028,BOG,CEBU-BOGO,
BBG,VISAYAS,VISAYAS 2,VISAYAS 2,3029,CNM,CEBU-MANDAUE CENTRO,
BBG,VISAYAS,VISAYAS 2,VISAYAS 2,3030,CSN,CEBU-CONSOLACION,
BBG,VISAYAS,VISAYAS 2,VISAYAS 2,3031,DAN,CEBU-DANAO,
BBG,VISAYAS,VISAYAS 2,VISAYAS 2,3032,LPL,CEBU-LAPU-LAPU-PAJO,
BBG,VISAYAS,VISAYAS 2,VISAYAS 2,3033,LAP,CEBU-LAPU-LAPU MARKET,
BBG,VISAYAS,VISAYAS 2,VISAYAS 2,3035,MDU,CEBU-MANDAUE-LOPEZ JAENA,
BBG,VISAYAS,VISAYAS 2,VISAYAS 2,3036,MSD,CEBU-MANDAUE-SUBANGDAKU,
BBG,VISAYAS,VISAYAS 2,VISAYAS 2,3037,MEP,CEBU-MEPZ,
BBG,VISAYAS,VISAYAS 2,VISAYAS 2,3038,MSN,CEBU-MANDAUE-NORTH ROAD,
BBG,VISAYAS,VISAYAS 2,VISAYAS 2,3039,PSO,CEBU-LAPU-LAPU-PUSOK,
BBG,VISAYAS,VISAYAS 2,VISAYAS 2,3040,TLB,CEBU-TALAMBAN,
BBG,VISAYAS,VISAYAS 2,VISAYAS 2,3042,LMB,CEBU-LAPU-LAPU-MARIBAGO,
BBG,VISAYAS,VISAYAS 2,VISAYAS 2,4157,TAW,CEBU-LILOAN,
BBG,VISAYAS,VISAYAS 2,VISAYAS 2,6367,MDE,CEBU-MANDAUE-CASUNTINGAN,
BBG,VISAYAS,VISAYAS 3,VISAYAS 3,3052,CRC,CEBU-CARCAR,
BBG,VISAYAS,VISAYAS 3,VISAYAS 3,3053,IMT,TAGBILARAN-ISLAND CITY MALL,
BBG,VISAYAS,VISAYAS 3,VISAYAS 3,3058,TAG,TAGBILARAN-C.P. GARCIA AVE.,
BBG,VISAYAS,VISAYAS 3,VISAYAS 3,3059,TGN,TAGBILARAN-ALTURAS MALL,
BBG,VISAYAS,VISAYAS 3,VISAYAS 3,3060,TLD,CEBU-TOLEDO,
BBG,VISAYAS,VISAYAS 3,VISAYAS 3,3061,TBG,BOHOL-TUBIGON,
BBG,VISAYAS,VISAYAS 3,VISAYAS 3,3062,UBB,BOHOL-UBAY,
BBG,VISAYAS,VISAYAS 3,VISAYAS 3,3063,LPB,BOHOL-PANGLAO ISLAND,
BBG,VISAYAS,VISAYAS 3,VISAYAS 3,3064,LBT,BOHOL-TALIBON,
BBG,VISAYAS,VISAYAS 3,VISAYAS 3,3082,BAI,NEGROS OR.-BAIS CITY,
BBG,VISAYAS,VISAYAS 3,VISAYAS 3,3083,BWN,NEGROS OR.-BAYAWAN,
BBG,VISAYAS,VISAYAS 3,VISAYAS 3,3086,DGT,DUMAGUETE CITY-SILLIMAN AVE.,
BBG,VISAYAS,VISAYAS 3,VISAYAS 3,3087,BYW,DUMAGUETE CITY-SOUTH ROAD,
BBG,VISAYAS,VISAYAS 3,VISAYAS 3,3088,DUM,DUMAGUETE CITY-LOCSIN,
BBG,VISAYAS,VISAYAS 3,VISAYAS 3,3095,LSQ,SIQUIJOR-LARENA,
BBG,VISAYAS,VISAYAS 3,VISAYAS 3,3096,TJY,NEGROS OR.-TANJAY,
BBG,VISAYAS,VISAYAS 3,VISAYAS 3,3131,CTB,CEBU-MOALBOAL,
BBG,VISAYAS,VISAYAS 4,VISAYAS 4,3076,AML,BACOLOD-EAST-BURGOS,
BBG,VISAYAS,VISAYAS 4,VISAYAS 4,3077,BCD,BACOLOD-LACSON,
BBG,VISAYAS,VISAYAS 4,VISAYAS 4,3078,KBK,BACOLOD-HILADO,
BBG,VISAYAS,VISAYAS 4,VISAYAS 4,3079,BAR,BACOLOD-ARANETA,
BBG,VISAYAS,VISAYAS 4,VISAYAS 4,3080,BLB,BACOLOD-LIBERTAD,
BBG,VISAYAS,VISAYAS 4,VISAYAS 4,3081,LCN,BACOLOD-NEGROS CYBER CENTRE,
BBG,VISAYAS,VISAYAS 4,VISAYAS 4,3084,BBG,NEGROS OCC.-BINALBAGAN,
BBG,VISAYAS,VISAYAS 4,VISAYAS 4,3085,CDZ,NEGROS OCC.-CADIZ CITY,
BBG,VISAYAS,VISAYAS 4,VISAYAS 4,3089,GHL,NEGROS OR.-GUIHULNGAN,
BBG,VISAYAS,VISAYAS 4,VISAYAS 4,3090,KKL,NEGROS OCC.-KABANKALAN CITY,
BBG,VISAYAS,VISAYAS 4,VISAYAS 4,3091,LCR,NEGROS OCC.-LA CARLOTA CITY,
BBG,VISAYAS,VISAYAS 4,VISAYAS 4,3092,LZG,BACOLOD-LUZURIAGA,
BBG,VISAYAS,VISAYAS 4,VISAYAS 4,3093,SNC,NEGROS OCC.-SAN CARLOS CITY,
BBG,VISAYAS,VISAYAS 4,VISAYAS 4,3094,SLY,NEGROS OCC.-SILAY CITY,
BBG,VISAYAS,VISAYAS 4,VISAYAS 4,3097,VTR,NEGROS OCC.-VICTORIAS CITY,
BBG,VISAYAS,VISAYAS 5,VISAYAS 5,3101,ATQ,ANTIQUE-T.A. FORNIER,
BBG,VISAYAS,VISAYAS 5,VISAYAS 5,3103,DLN,ILOILO-DIVERSION ROAD,
BBG,VISAYAS,VISAYAS 5,VISAYAS 5,3104,ILO,ILOILO-IZNART,
BBG,VISAYAS,VISAYAS 5,VISAYAS 5,3105,ALD,ILOILO-ALDEGUER,
BBG,VISAYAS,VISAYAS 5,VISAYAS 5,3106,GLI,ILOILO-GEN. LUNA,
BBG,VISAYAS,VISAYAS 5,VISAYAS 5,3112,LED,ILOILO-LEDESMA,
BBG,VISAYAS,VISAYAS 5,VISAYAS 5,3113,MGA,ILOILO-MIAG-AO,
BBG,VISAYAS,VISAYAS 5,VISAYAS 5,3115,PLB,ILOILO-PLAZA LIBERTAD,
BBG,VISAYAS,VISAYAS 5,VISAYAS 5,3120,SBI,ILOILO-STA. BARBARA,
BBG,VISAYAS,VISAYAS 6,VISAYAS 6,3102,BRY,BORACAY-STATION 2,
BBG,VISAYAS,VISAYAS 6,VISAYAS 6,3107,JRO,ILOILO-JARO,
BBG,VISAYAS,VISAYAS 6,VISAYAS 6,3108,JAR,ILOILO-JARO HECHANOVA,
BBG,VISAYAS,VISAYAS 6,VISAYAS 6,3109,KLB,AKLAN-KALIBO-PASTRANA,
BBG,VISAYAS,VISAYAS 6,VISAYAS 6,3114,PSI,ILOILO-PASSI CITY,
BBG,VISAYAS,VISAYAS 6,VISAYAS 6,3116,POT,ILOILO-POTOTAN,
BBG,VISAYAS,VISAYAS 6,VISAYAS 6,3117,RXS,CAPIZ ROXAS-C.M. RECTO,
BBG,VISAYAS,VISAYAS 6,VISAYAS 6,3118,ROX,CAPIZ-ROXAS DOWNTOWN,
BBG,VISAYAS,VISAYAS 6,VISAYAS 6,3119,SJA,ANTIQUE-SAN JOSE,
BBG,VISAYAS,VISAYAS 6,VISAYAS 6,6323,CAT,AKLAN-CATICLAN,
BBG,VISAYAS,VISAYAS 7,VISAYAS 7,3110,KAL,AKLAN-KALIBO-MARTELINO,
BBG,VISAYAS,VISAYAS 7,VISAYAS 7,3126,BYB,SOUTHERN LEYTE-SOGOD,
BBG,VISAYAS,VISAYAS 7,VISAYAS 7,3127,BYL,LEYTE-BAYBAY CITY,
BBG,VISAYAS,VISAYAS 7,VISAYAS 7,3128,BRG,EASTERN SAMAR-BORONGAN CITY,
BBG,VISAYAS,VISAYAS 7,VISAYAS 7,3129,CBG,SAMAR-CALBAYOG CITY,
BBG,VISAYAS,VISAYAS 7,VISAYAS 7,3130,CTR,NORTHERN SAMAR-CATARMAN,
BBG,VISAYAS,VISAYAS 7,VISAYAS 7,3132,CTG,SAMAR-CATBALOGAN CITY,
BBG,VISAYAS,VISAYAS 7,VISAYAS 7,3133,DWT,LEYTE-PALO,
BBG,VISAYAS,VISAYAS 7,VISAYAS 7,3134,GUI,EASTERN SAMAR-GUIUAN,
BBG,VISAYAS,VISAYAS 7,VISAYAS 7,3135,MAS,SOUTHERN LEYTE-MAASIN CITY,
BBG,VISAYAS,VISAYAS 7,VISAYAS 7,3136,NVL,BILIRAN-NAVAL,
BBG,VISAYAS,VISAYAS 7,VISAYAS 7,3137,ORM,LEYTE-ORMOC CITY-BONIFACIO,
BBG,VISAYAS,VISAYAS 7,VISAYAS 7,3138,ORC,LEYTE-ORMOC CITY-COGON,
BBG,VISAYAS,VISAYAS 7,VISAYAS 7,3139,PLP,LEYTE-PALOMPON,
BBG,VISAYAS,VISAYAS 7,VISAYAS 7,3140,TCN,TACLOBAN CITY-JUSTICE ROMUALDEZ,
BBG,VISAYAS,VISAYAS 7,VISAYAS 7,3141,TCL,TACLOBAN CITY-ZAMORA,
BBG,VISAYAS,VISAYAS 7,VISAYAS 7,3142,LHI,SOUTHERN LEYTE-HINUNANGAN,
BBG,VISAYAS,VISAYAS 7,VISAYAS 7,3143,LBY,LEYTE-BAYBAY CITY-VSU,
